entry	name	body_size
00405408	GetStdHandle	6
00405410	WriteFile	6
00405428	FindClose	6
00405430	FindFirstFileW	6
00405440	EnterCriticalSection	6
00405448	LeaveCriticalSection	6
00405460	GetCurrentThreadId	6
00405468	SwitchToThread	6
00405478	ExitProcess	6
00405490	UnhandledExceptionFilter	6
00405498	GetLastError	6
004054a0	FreeLibrary	6
004054b0	LoadStringW	6
004054c0	GetModuleFileNameW	6
004054c8	GetModuleHandleW	6
004054d0	GetProcAddress	6
004054e0	LoadLibraryExW	6
004054f0	MultiByteToWideChar	6
004054f8	WideCharToMultiByte	6
00405500	GetLocaleInfoW	6
00405508	GetUserDefaultUILanguage	6
00405510	GetSystemDefaultUILanguage	6
00405520	IsValidLocale	6
00405528	CharNextW	6
00405548	DelayLoad_MessageBoxA	1
00405558	MessageBoxA	6
00405560	RegCloseKey	6
00405568	RegOpenKeyExW	6
00405570	RegQueryValueExW	6
00405588	GetTickCount	6
00405598	VirtualQuery	6
004055a0	SysAllocStringLen	6
004055a8	SysReAllocStringLen	6
004055b0	SysFreeString	6
004055b8	lstrlenW	6
004055d0	DelayLoad_GetLogicalProcessorInformation	1
004055e0	GetLogicalProcessorInformation	6
00405624	VirtualAlloc	6
0040562c	VirtualFree	6
00405634	Sleep	6
0040585c	FUN_0040585c	45
0040588c	FUN_0040588c	27
004058a8	FUN_004058a8	61
004058e8	FUN_004058e8	94
00405948	FUN_00405948	102
004059b4	FUN_004059b4	122
00405a30	FUN_00405a30	73
00405cd0	FUN_00405cd0	980
00406054	FUN_00406054	651
0040624c	FUN_0040624c	1107
00406564	FUN_00406564	50
004071d8	FUN_004071d8	27
004071f4	FUN_004071f4	23
0040720c	FUN_0040720c	77
0040725c	FUN_0040725c	32
0040729c	FUN_0040729c	49
004072d0	FUN_004072d0	12
004072dc	FUN_004072dc	12
004072e8	FUN_004072e8	73
00407334	FUN_00407334	22
004074b8	FUN_004074b8	220
00407bb8	FUN_00407bb8	36
00407d80	FUN_00407d80	12
00407e94	FUN_00407e94	151
00407f74	FUN_00407f74	258
00408138	thunk_FUN_00408140	5
00408140	FUN_00408140	169
004082e0	FUN_004082e0	10
004082ec	thunk_FUN_00407334	7
004082f4	thunk_FUN_00407334	7
004083f4	FUN_004083f4	60
00408508	FUN_00408508	19
004086b0	FUN_004086b0	32
004086d0	FUN_004086d0	15
004086e0	FUN_004086e0	12
004087d4	FUN_004087d4	44
00408810	FUN_00408810	98
00408874	FUN_00408874	68
004089cc	FUN_004089cc	33
004089f0	FUN_004089f0	48
00408a20	FUN_00408a20	25
00408aec	FUN_00408aec	18
00408cd4	FUN_00408cd4	41
00408d24	FUN_00408d24	6
00408d2c	FUN_00408d2c	53
00408d7c	FUN_00408d7c	15
00408d8c	FUN_00408d8c	119
00408e38	FUN_00408e38	14
00408e48	FUN_00408e48	194
00408f50	FUN_00408f50	24
00408f68	FUN_00408f68	92
00408fe0	FUN_00408fe0	41
00409030	FUN_00409030	39
004090dc	FUN_004090dc	405
00409274	FUN_00409274	71
004092bc	FUN_004092bc	33
004092e0	FUN_004092e0	96
00409340	FUN_00409340	13
00409360	FUN_00409360	82
0040959c	FUN_0040959c	63
00409710	FUN_00409710	33
00409734	FUN_00409734	21
0040974c	FUN_0040974c	19
00409760	FUN_00409760	17
00409774	FUN_00409774	30
00409794	FUN_00409794	39
004097f8	FUN_004097f8	266
00409924	FUN_00409924	358
00409b8c	FUN_00409b8c	108
00409c80	FUN_00409c80	21
00409df8	FUN_00409df8	38
00409e20	FUN_00409e20	83
0040a0a4	FUN_0040a0a4	91
0040a100	FUN_0040a100	42
0040a12c	FUN_0040a12c	133
0040a1c4	FUN_0040a1c4	300
0040a2f4	FUN_0040a2f4	11
0040a300	FUN_0040a300	27
0040a424	FUN_0040a424	64
0040a464	FUN_0040a464	74
0040a4b8	FUN_0040a4b8	21
0040a4d0	FUN_0040a4d0	35
0040a4f4	FUN_0040a4f4	35
0040a518	FUN_0040a518	21
0040a530	FUN_0040a530	56
0040a568	FUN_0040a568	56
0040a5a0	FUN_0040a5a0	33
0040a5c4	FUN_0040a5c4	15
0040a604	FUN_0040a604	43
0040a64c	FUN_0040a64c	25
0040a668	FUN_0040a668	48
0040a698	FUN_0040a698	35
0040a6bc	FUN_0040a6bc	56
0040a6f4	FUN_0040a6f4	148
0040a788	FUN_0040a788	15
0040a798	FUN_0040a798	148
0040a82c	FUN_0040a82c	15
0040a83c	FUN_0040a83c	130
0040a8c0	FUN_0040a8c0	71
0040a908	FUN_0040a908	43
0040a934	FUN_0040a934	47
0040a95c	FUN_0040a95c	73
0040aa00	FUN_0040aa00	19
0040aab4	FUN_0040aab4	130
0040ab38	FUN_0040ab38	111
0040ac10	FUN_0040ac10	51
0040ac44	FUN_0040ac44	63
0040ac98	FUN_0040ac98	23
0040adb0	FUN_0040adb0	68
0040ae30	FUN_0040ae30	13
0040af5c	FUN_0040af5c	118
0040afd4	FUN_0040afd4	21
0040afec	FUN_0040afec	13
0040b024	FUN_0040b024	44
0040b054	FUN_0040b054	56
0040b090	FUN_0040b090	30
0040b0b0	FUN_0040b0b0	15
0040b138	FUN_0040b138	129
0040b1bc	thunk_FUN_0040b138	5
0040b1c4	FUN_0040b1c4	71
0040b20c	FUN_0040b20c	13
0040b22c	FUN_0040b22c	15
0040b23c	FUN_0040b23c	44
0040b26c	FUN_0040b26c	56
0040b2a8	FUN_0040b2a8	24
0040b2c4	FUN_0040b2c4	30
0040b2e4	FUN_0040b2e4	16
0040b2f8	FUN_0040b2f8	14
0040b374	FUN_0040b374	10
0040b380	FUN_0040b380	126
0040b400	FUN_0040b400	85
0040b458	FUN_0040b458	133
0040b4e0	FUN_0040b4e0	174
0040b590	FUN_0040b590	53
0040b5c8	FUN_0040b5c8	71
0040b924	FUN_0040b924	19
0040be60	FUN_0040be60	142
0040bef0	FUN_0040bef0	24
0040bf08	FUN_0040bf08	383
0040c348	FUN_0040c348	362
0040c68c	FUN_0040c68c	33
0040c6b0	FUN_0040c6b0	459
0040c87c	FUN_0040c87c	552
0040cad8	FUN_0040cad8	289
0040cbfc	FUN_0040cbfc	222
0040cd28	FUN_0040cd28	21
0040cd40	thunk_FUN_0040c348	5
0040cd48	thunk_FUN_0040bf08	5
0040cd50	FUN_0040cd50	179
0040ce68	FUN_0040ce68	251
0040d010	FUN_0040d010	35
0040d0c8	FUN_0040d0c8	73
0040d210	FUN_0040d210	592
0040d488	FUN_0040d488	164
0040d52c	FUN_0040d52c	67
0040d570	FUN_0040d570	655
0040d838	FUN_0040d838	11
0040d844	FUN_0040d844	33
0040d868	FUN_0040d868	244
0040d95c	FUN_0040d95c	66
0040d9a0	FUN_0040d9a0	58
0040ddbc	FUN_0040ddbc	71
0040de04	FUN_0040de04	50
0040e160	FUN_0040e160	52
0040e194	FUN_0040e194	94
0040e200	FUN_0040e200	197
0040e2e4	FUN_0040e2e4	359
0040e47c	FUN_0040e47c	36
0040e4a0	FUN_0040e4a0	65
0040e4e4	FUN_0040e4e4	282
0040e600	FUN_0040e600	262
0040e724	FUN_0040e724	33
0040e748	FUN_0040e748	464
0040e948	FUN_0040e948	545
0040ec68	FUN_0040ec68	89
0040ecd0	FUN_0040ecd0	91
0040ed2c	FUN_0040ed2c	96
0040ed9c	FUN_0040ed9c	216
0040ee84	FUN_0040ee84	194
0040ef54	FUN_0040ef54	281
0040f07c	FUN_0040f07c	188
0040f230	FUN_0040f230	71
0040f2a8	FUN_0040f2a8	102
0040f318	FUN_0040f318	21
0040f330	FUN_0040f330	44
0040f35c	FUN_0040f35c	48
0040fa08	FUN_0040fa08	45
0040fa38	FUN_0040fa38	151
0040fad0	FUN_0040fad0	25
0040fb70	FUN_0040fb70	21
0040fb88	FUN_0040fb88	18
0040fc0c	FUN_0040fc0c	196
0040fcd8	FUN_0040fcd8	143
0040fda8	FUN_0040fda8	134
0040fe30	FUN_0040fe30	111
0040fed8	FUN_0040fed8	17
0040feec	FUN_0040feec	20
0040ff54	FUN_0040ff54	17
0040fff4	FUN_0040fff4	21
0041000c	FUN_0041000c	124
004100cc	FUN_004100cc	170
00410230	FUN_00410230	183
0041030c	FUN_0041030c	147
00410600	FUN_00410600	11
0041060c	FUN_0041060c	53
00410644	FUN_00410644	18
00410674	FUN_00410674	42
004106a0	FUN_004106a0	40
00410908	FUN_00410908	142
00410b48	FUN_00410b48	81
00410b9c	FUN_00410b9c	20
00410bc4	FUN_00410bc4	127
00410c44	FUN_00410c44	37
00410c6c	FUN_00410c6c	29
00411810	LocalAlloc	6
00411820	TlsGetValue	6
00411828	TlsSetValue	6
00411858	FUN_00411858	9
00411864	FUN_00411864	6
0041186c	FUN_0041186c	68
004118f4	FUN_004118f4	64
00417040	FUN_00417040	6
00419d0c	DelayLoad_RegDeleteKeyExW	1
00419da4	CompareStringW	6
00419ea4	FormatMessageW	6
00419f2c	GetLocalTime	6
00419ff4	DelayLoad_GetSystemTimes	1
0041a00c	DelayLoad_GetNativeSystemInfo	1
0041a064	DelayLoad_LocaleNameToLCID	1
0041a13c	LocalFree	6
0041a2b4	DelayLoad_AlphaBlend	1
0041a4dc	DelayLoad_GradientFill	1
0041a664	DelayLoad_AdjustWindowRectExForDpi	1
0041a6bc	CharUpperW	6
0041a6ec	DelayLoad_CloseTouchInputHandle	1
0041a8bc	DelayLoad_GetWindowDpiAwarenessContext	1
0041a8d4	DelayLoad_AreDpiAwarenessContextsEqual	1
0041a8ec	DelayLoad_GetDpiForWindow	1
0041a904	DelayLoad_IsTouchWindow	1
0041a9f4	GetSystemMetrics	6
0041a9fc	DelayLoad_GetSystemMetricsForDpi	1
0041aa1c	DelayLoad_GetTouchInputInfo	1
0041abd4	DelayLoad_RegisterTouchWindow	1
0041ac1c	DelayLoad_PhysicalToLogicalPoint	1
0041ad4c	DelayLoad_SystemParametersInfoForDpi	1
0041ad94	DelayLoad_UnregisterTouchWindow	1
0041adec	DelayLoad_WTSRegisterSessionNotification	1
0041ae04	DelayLoad_WTSUnRegisterSessionNotification	1
0041afe4	DelayLoad_GetGestureInfo	1
0041affc	DelayLoad_CloseGestureInfoHandle	1
0041b014	DelayLoad_SetGestureConfig	1
0041b080	DelayLoad_ProcessIdToSessionId	1
0041b098	DelayLoad_IsWow64Process	1
004218e8	FUN_004218e8	63
00421bbc	FUN_00421bbc	72
00421d74	FUN_00421d74	67
00421dc8	FUN_00421dc8	14
0042961c	FUN_0042961c	34
004298cc	FUN_004298cc	108
00429938	FUN_00429938	145
004299cc	FUN_004299cc	181
00429b74	FUN_00429b74	68
0042a1bc	FUN_0042a1bc	13
0042a1cc	FUN_0042a1cc	206
0042a29c	FUN_0042a29c	712
0042a564	FUN_0042a564	28
0042a580	FUN_0042a580	55
0042a5b8	FUN_0042a5b8	20
0042a5cc	FUN_0042a5cc	26
0042a5e8	FUN_0042a5e8	120
0042a660	FUN_0042a660	135
0042a6e8	FUN_0042a6e8	56
0042a720	FUN_0042a720	100
0042a784	FUN_0042a784	24
0042a79c	FUN_0042a79c	30
0042a810	FUN_0042a810	29
0042a8a8	FUN_0042a8a8	32
0042a8c8	FUN_0042a8c8	119
0042a990	FUN_0042a990	79
0042a9e0	FUN_0042a9e0	142
0042b628	FUN_0042b628	15
0042b69c	FUN_0042b69c	57
0042b784	FUN_0042b784	105
0042b83c	FUN_0042b83c	87
0042b970	FUN_0042b970	90
0042b9ec	FUN_0042b9ec	30
0042badc	FUN_0042badc	39
0042bb04	FUN_0042bb04	23
0042bb34	FUN_0042bb34	245
0042bc2c	FUN_0042bc2c	115
0042bca0	FUN_0042bca0	382
0042be20	FUN_0042be20	75
0042be6c	FUN_0042be6c	2527
0042c8d0	FUN_0042c8d0	98
0042c934	FUN_0042c934	242
0042ca46	FUN_0042ca46	11
0042ca51	FUN_0042ca51	13
0042cb10	FUN_0042cb10	115
0042cbda	FUN_0042cbda	16
0042cc4e	FUN_0042cc4e	6
0042cc54	FUN_0042cc54	45
0042cc81	FUN_0042cc81	274
0042cda3	FUN_0042cda3	212
0042ce77	FUN_0042ce77	9
0042ce80	FUN_0042ce80	217
0042cf59	FUN_0042cf59	17
0042cf6a	FUN_0042cf6a	35
0042cf8d	FUN_0042cf8d	69
0042cfd2	FUN_0042cfd2	9
0042cfdc	FUN_0042cfdc	34
0042d000	FUN_0042d000	34
0042d024	FUN_0042d024	63
0042d134	FUN_0042d134	11
0042d140	FUN_0042d140	14
0042d150	FUN_0042d150	82
0042d1f8	FUN_0042d1f8	14
0042d208	FUN_0042d208	68
0042d468	FUN_0042d468	57
0042d4a4	FUN_0042d4a4	201
0042d70c	FUN_0042d70c	40
0042d930	FUN_0042d930	17
0042e92c	FUN_0042e92c	755
0042ed08	FUN_0042ed08	38
0042ed30	FUN_0042ed30	157
0042ee68	FUN_0042ee68	229
0042ef50	FUN_0042ef50	82
0042efa4	FUN_0042efa4	206
0042f084	FUN_0042f084	83
0042f0d8	FUN_0042f0d8	1374
0042fca0	FUN_0042fca0	68
0042fff0	FUN_0042fff0	120
00431580	FUN_00431580	121
00431964	FUN_00431964	11
00431970	FUN_00431970	58
004319ac	FUN_004319ac	92
00431aac	FUN_00431aac	58
00431b80	FUN_00431b80	110
00431fb8	FUN_00431fb8	39
00431fe0	FUN_00431fe0	4
00433090	FUN_00433090	53
004332d4	FUN_004332d4	45
0043336c	FUN_0043336c	63
00433714	FUN_00433714	6
004377d8	FUN_004377d8	11
00438458	FUN_00438458	139
0043bfc8	VariantInit	6
0043bfd0	VariantClear	6
0043bfd8	VariantCopy	6
0043c4a8	SafeArrayCreate	6
0043c4b0	SafeArrayGetLBound	6
0043c4b8	SafeArrayGetUBound	6
0043c4c0	SafeArrayPtrOfIndex	6
0043d848	FUN_0043d848	76
0043d8a0	FUN_0043d8a0	145
0043d948	FUN_0043d948	76
0043d9a0	FUN_0043d9a0	76
0043d9f8	FUN_0043d9f8	145
0043da98	FUN_0043da98	76
0043daf0	FUN_0043daf0	585
0043dd48	FUN_0043dd48	10
0043dd54	FUN_0043dd54	51
0043de64	FUN_0043de64	17
0043de78	FUN_0043de78	57
0043deb4	FUN_0043deb4	156
0043df50	FUN_0043df50	150
0043dfe8	FUN_0043dfe8	19
0043e51c	FUN_0043e51c	47
0043e54c	FUN_0043e54c	88
0043e5a4	FUN_0043e5a4	492
0043e7a0	FUN_0043e7a0	282
0043e8bc	FUN_0043e8bc	68
0043ebd8	FUN_0043ebd8	95
0043ec44	FUN_0043ec44	76
0043ec9c	FUN_0043ec9c	78
0043ecf8	FUN_0043ecf8	76
0043ed50	FUN_0043ed50	76
0043eda8	FUN_0043eda8	76
0043ee00	FUN_0043ee00	140
0043ee8c	FUN_0043ee8c	122
0043ef08	FUN_0043ef08	597
0043f1a4	FUN_0043f1a4	229
0043f298	FUN_0043f298	67
0043f2dc	FUN_0043f2dc	87
0043f344	FUN_0043f344	76
0043f390	FUN_0043f390	1038
0043f864	FUN_0043f864	150
0043f918	FUN_0043f918	141
0043f9c0	FUN_0043f9c0	175
0043fab8	FUN_0043fab8	147
0043fb94	FUN_0043fb94	158
0043fc80	FUN_0043fc80	185
0043fd3c	FUN_0043fd3c	312
0043fe88	FUN_0043fe88	90
0043fef4	FUN_0043fef4	83
0043ff48	FUN_0043ff48	998
00440400	FUN_00440400	328
00440570	FUN_00440570	469
0044079c	FUN_0044079c	72
004407e4	FUN_004407e4	87
0044084c	FUN_0044084c	81
004408a0	FUN_004408a0	984
00440d28	FUN_00440d28	201
00440e00	FUN_00440e00	83
00440e54	FUN_00440e54	88
00440ebc	FUN_00440ebc	83
00440f10	FUN_00440f10	1017
004413d8	FUN_004413d8	325
0044159c	FUN_0044159c	246
004416a0	FUN_004416a0	96
00441700	FUN_00441700	83
00441754	FUN_00441754	88
004417bc	FUN_004417bc	83
00441810	FUN_00441810	1034
00441cb0	FUN_00441cb0	192
00441d80	FUN_00441d80	96
00441de0	FUN_00441de0	83
00441e34	FUN_00441e34	88
00441e9c	FUN_00441e9c	83
00441ef0	FUN_00441ef0	1138
00442414	FUN_00442414	54
0044244c	FUN_0044244c	54
00442484	FUN_00442484	110
00442500	FUN_00442500	74
00442558	FUN_00442558	74
004425b0	FUN_004425b0	75
00442608	FUN_00442608	75
00442660	FUN_00442660	85
004426c4	FUN_004426c4	75
0044271c	FUN_0044271c	75
00442774	FUN_00442774	81
004427d4	FUN_004427d4	122
00442858	FUN_00442858	96
004428c4	FUN_004428c4	561
00442b28	FUN_00442b28	849
00442ec8	FUN_00442ec8	69
00442f1c	FUN_00442f1c	69
00442f70	FUN_00442f70	70
00442fc4	FUN_00442fc4	70
00443018	FUN_00443018	80
00443078	FUN_00443078	70
004430cc	FUN_004430cc	70
00443120	FUN_00443120	76
00443178	FUN_00443178	119
004431f8	FUN_004431f8	89
00443260	FUN_00443260	519
00443498	FUN_00443498	736
004437c4	FUN_004437c4	69
00443818	FUN_00443818	69
0044386c	FUN_0044386c	70
004438c0	FUN_004438c0	70
00443914	FUN_00443914	80
00443974	FUN_00443974	70
004439c8	FUN_004439c8	70
00443a1c	FUN_00443a1c	76
00443a74	FUN_00443a74	122
00443af8	FUN_00443af8	89
00443b60	FUN_00443b60	522
00443d9c	FUN_00443d9c	739
004440cc	FUN_004440cc	109
00444148	FUN_00444148	213
00444230	FUN_00444230	157
0044431c	FUN_0044431c	31
0044435c	FUN_0044435c	31
0044437c	FUN_0044437c	32
0044439c	FUN_0044439c	31
004443bc	FUN_004443bc	42
004443e8	FUN_004443e8	31
00444408	FUN_00444408	32
00444428	FUN_00444428	42
00444454	FUN_00444454	36
00444478	FUN_00444478	42
004444a4	FUN_004444a4	42
004444d0	FUN_004444d0	42
004444fc	FUN_004444fc	38
00444584	FUN_00444584	43
00444608	FUN_00444608	43
00444634	FUN_00444634	43
00444660	FUN_00444660	43
0044468c	FUN_0044468c	43
00444dc8	FUN_00444dc8	43
00445adc	FUN_00445adc	201
00445bbc	FUN_00445bbc	19
00445bd0	FUN_00445bd0	241
00445cc4	FUN_00445cc4	18
00445cd8	FUN_00445cd8	57
00445d14	FUN_00445d14	49
00445d48	FUN_00445d48	47
00445d78	FUN_00445d78	47
00445da8	FUN_00445da8	47
00445dd8	FUN_00445dd8	106
00445e50	FUN_00445e50	437
00446038	FUN_00446038	1051
00446478	FUN_00446478	164
00446798	FUN_00446798	277
0044694c	FUN_0044694c	25
004469fc	FUN_004469fc	21
00446a14	FUN_00446a14	21
00446aa8	FUN_00446aa8	166
004471bc	FUN_004471bc	189
00447388	FUN_00447388	13
004473a8	FUN_004473a8	13
004487d4	DelayLoad_SHCreateItemFromParsingName	1
0044d764	FUN_0044d764	27
0044da58	FUN_0044da58	48
0044e0a8	FUN_0044e0a8	172
0044e8f4	FUN_0044e8f4	36
0044e918	FUN_0044e918	10
0044e93c	FUN_0044e93c	23
0044e954	FUN_0044e954	34
0044eadc	FUN_0044eadc	24
0044ebc8	FUN_0044ebc8	51
0044ebfc	FUN_0044ebfc	27
0044ec18	FUN_0044ec18	98
0044ede8	FUN_0044ede8	51
0044ef78	FUN_0044ef78	32
0044f030	FUN_0044f030	54
0044f068	FUN_0044f068	54
0044f0dc	FUN_0044f0dc	59
0044f1e4	FUN_0044f1e4	30
0044f298	FUN_0044f298	62
0044f744	FUN_0044f744	161
0044f838	FUN_0044f838	43
0044f864	FUN_0044f864	98
0044f97c	FUN_0044f97c	276
0044fc4c	FUN_0044fc4c	107
00450300	FUN_00450300	29
004503f0	FUN_004503f0	105
00451f44	FUN_00451f44	67
00453f94	FUN_00453f94	20
004877f0	FUN_004877f0	19
004bb864	FUN_004bb864	31
004bbd10	FUN_004bbd10	28
0052486c	FUN_0052486c	166
00524a6c	FUN_00524a6c	226
00524c98	FUN_00524c98	96
00524cf8	FUN_00524cf8	9
00526280	FUN_00526280	68
005262c4	FUN_005262c4	290
00526414	FUN_00526414	141
005268ec	FUN_005268ec	57
00526998	FUN_00526998	120
005272cc	FUN_005272cc	15
00527820	FUN_00527820	56
00527874	FUN_00527874	67
005490c4	FUN_005490c4	16
00549104	FUN_00549104	18
00549bac	FUN_00549bac	71
0054a144	FUN_0054a144	44
006678f8	DelayLoad_WICConvertBitmapSource	1
006689a0	DelayLoad_OpenThemeDataForDpi	1
006689b8	DelayLoad_DrawThemeTextEx	1
006689d0	DelayLoad_BufferedPaintInit	1
006689e8	DelayLoad_BufferedPaintUnInit	1
00668a00	DelayLoad_BeginBufferedPaint	1
00668a18	DelayLoad_EndBufferedPaint	1
00668a30	DelayLoad_BufferedPaintSetAlpha	1
00668a48	DelayLoad_BufferedPaintStopAllAnimations	1
00668a60	DelayLoad_BeginBufferedAnimation	1
00668a78	DelayLoad_EndBufferedAnimation	1
00668a90	DelayLoad_BufferedPaintRenderAnimation	1
0067c6e0	DelayLoad_ImmIsIME	1
0067c6f8	DelayLoad_ImmCreateContext	1
0067c710	DelayLoad_ImmDestroyContext	1
0067c728	DelayLoad_ImmGetContext	1
0067c740	DelayLoad_ImmReleaseContext	1
0067c758	DelayLoad_ImmAssociateContext	1
0067c770	DelayLoad_ImmAssociateContextEx	1
0067c788	DelayLoad_ImmGetCompositionStringW	1
0067c7a0	DelayLoad_ImmSetCompositionStringW	1
0067c7b8	DelayLoad_ImmGetConversionStatus	1
0067c7d0	DelayLoad_ImmSetConversionStatus	1
0067c7e8	DelayLoad_ImmSetOpenStatus	1
0067c800	DelayLoad_ImmSetCandidateWindow	1
0067dcc8	DelayLoad_GetScaleFactorForMonitor	1
0067dce0	DelayLoad_GetProcessDpiAwareness	1
0067dcf8	DelayLoad_GetDpiForMonitor	1
00690de0	FMX.Objects.TEllipse.PointInObjectLocal	1
006db0f4	DelayLoad_GdipAlloc	1
006db10c	DelayLoad_GdipFree	1
006db124	DelayLoad_GdiplusStartup	1
006db13c	DelayLoad_GdiplusShutdown	1
006db154	DelayLoad_GdipCreatePath	1
006db16c	DelayLoad_GdipCreatePath2	1
006db184	DelayLoad_GdipCreatePath2I	1
006db19c	DelayLoad_GdipClonePath	1
006db1b4	DelayLoad_GdipDeletePath	1
006db1cc	DelayLoad_GdipResetPath	1
006db1e4	DelayLoad_GdipGetPointCount	1
006db1fc	DelayLoad_GdipGetPathTypes	1
006db214	DelayLoad_GdipGetPathPoints	1
006db22c	DelayLoad_GdipGetPathPointsI	1
006db244	DelayLoad_GdipGetPathFillMode	1
006db25c	DelayLoad_GdipSetPathFillMode	1
006db274	DelayLoad_GdipGetPathData	1
006db28c	DelayLoad_GdipStartPathFigure	1
006db2a4	DelayLoad_GdipClosePathFigure	1
006db2bc	DelayLoad_GdipClosePathFigures	1
006db2d4	DelayLoad_GdipSetPathMarker	1
006db2ec	DelayLoad_GdipClearPathMarkers	1
006db304	DelayLoad_GdipReversePath	1
006db31c	DelayLoad_GdipGetPathLastPoint	1
006db334	DelayLoad_GdipAddPathLine	1
006db34c	DelayLoad_GdipAddPathLine2	1
006db364	DelayLoad_GdipAddPathArc	1
006db37c	DelayLoad_GdipAddPathBezier	1
006db394	DelayLoad_GdipAddPathBeziers	1
006db3ac	DelayLoad_GdipAddPathCurve	1
006db3c4	DelayLoad_GdipAddPathCurve2	1
006db3dc	DelayLoad_GdipAddPathCurve3	1
006db3f4	DelayLoad_GdipAddPathClosedCurve	1
006db40c	DelayLoad_GdipAddPathClosedCurve2	1
006db424	DelayLoad_GdipAddPathRectangle	1
006db43c	DelayLoad_GdipAddPathRectangles	1
006db454	DelayLoad_GdipAddPathEllipse	1
006db46c	DelayLoad_GdipAddPathPie	1
006db484	DelayLoad_GdipAddPathPolygon	1
006db49c	DelayLoad_GdipAddPathPath	1
006db4b4	DelayLoad_GdipAddPathString	1
006db4cc	DelayLoad_GdipAddPathStringI	1
006db4e4	DelayLoad_GdipAddPathLineI	1
006db4fc	DelayLoad_GdipAddPathLine2I	1
006db514	DelayLoad_GdipAddPathArcI	1
006db52c	DelayLoad_GdipAddPathBezierI	1
006db544	DelayLoad_GdipAddPathBeziersI	1
006db55c	DelayLoad_GdipAddPathCurveI	1
006db574	DelayLoad_GdipAddPathCurve2I	1
006db58c	DelayLoad_GdipAddPathCurve3I	1
006db5a4	DelayLoad_GdipAddPathClosedCurveI	1
006db5bc	DelayLoad_GdipAddPathClosedCurve2I	1
006db5d4	DelayLoad_GdipAddPathRectangleI	1
006db5ec	DelayLoad_GdipAddPathRectanglesI	1
006db604	DelayLoad_GdipAddPathEllipseI	1
006db61c	DelayLoad_GdipAddPathPieI	1
006db634	DelayLoad_GdipAddPathPolygonI	1
006db64c	DelayLoad_GdipFlattenPath	1
006db664	DelayLoad_GdipWindingModeOutline	1
006db67c	DelayLoad_GdipWidenPath	1
006db694	DelayLoad_GdipWarpPath	1
006db6ac	DelayLoad_GdipTransformPath	1
006db6c4	DelayLoad_GdipGetPathWorldBounds	1
006db6dc	DelayLoad_GdipGetPathWorldBoundsI	1
006db6f4	DelayLoad_GdipIsVisiblePathPoint	1
006db70c	DelayLoad_GdipIsVisiblePathPointI	1
006db724	DelayLoad_GdipIsOutlineVisiblePathPoint	1
006db73c	DelayLoad_GdipIsOutlineVisiblePathPointI	1
006db754	DelayLoad_GdipCreateMatrix	1
006db76c	DelayLoad_GdipCreateMatrix2	1
006db784	DelayLoad_GdipCreateMatrix3	1
006db79c	DelayLoad_GdipCreateMatrix3I	1
006db7b4	DelayLoad_GdipCloneMatrix	1
006db7cc	DelayLoad_GdipDeleteMatrix	1
006db7e4	DelayLoad_GdipSetMatrixElements	1
006db7fc	DelayLoad_GdipMultiplyMatrix	1
006db814	DelayLoad_GdipTranslateMatrix	1
006db82c	DelayLoad_GdipScaleMatrix	1
006db844	DelayLoad_GdipRotateMatrix	1
006db85c	DelayLoad_GdipShearMatrix	1
006db874	DelayLoad_GdipInvertMatrix	1
006db88c	DelayLoad_GdipTransformMatrixPoints	1
006db8a4	DelayLoad_GdipTransformMatrixPointsI	1
006db8bc	DelayLoad_GdipVectorTransformMatrixPoints	1
006db8d4	DelayLoad_GdipVectorTransformMatrixPointsI	1
006db8ec	DelayLoad_GdipGetMatrixElements	1
006db904	DelayLoad_GdipIsMatrixInvertible	1
006db91c	DelayLoad_GdipIsMatrixIdentity	1
006db934	DelayLoad_GdipIsMatrixEqual	1
006db94c	DelayLoad_GdipCreateRegion	1
006db964	DelayLoad_GdipCreateRegionRect	1
006db97c	DelayLoad_GdipCreateRegionRectI	1
006db994	DelayLoad_GdipCreateRegionPath	1
006db9ac	DelayLoad_GdipCreateRegionRgnData	1
006db9c4	DelayLoad_GdipCreateRegionHrgn	1
006db9dc	DelayLoad_GdipCloneRegion	1
006db9f4	DelayLoad_GdipDeleteRegion	1
006dba0c	DelayLoad_GdipSetInfinite	1
006dba24	DelayLoad_GdipSetEmpty	1
006dba3c	DelayLoad_GdipCombineRegionRect	1
006dba54	DelayLoad_GdipCombineRegionRectI	1
006dba6c	DelayLoad_GdipCombineRegionPath	1
006dba84	DelayLoad_GdipCombineRegionRegion	1
006dba9c	DelayLoad_GdipTranslateRegion	1
006dbab4	DelayLoad_GdipTranslateRegionI	1
006dbacc	DelayLoad_GdipTransformRegion	1
006dbae4	DelayLoad_GdipGetRegionBounds	1
006dbafc	DelayLoad_GdipGetRegionBoundsI	1
006dbb14	DelayLoad_GdipGetRegionHRgn	1
006dbb2c	DelayLoad_GdipIsEmptyRegion	1
006dbb44	DelayLoad_GdipIsInfiniteRegion	1
006dbb5c	DelayLoad_GdipIsEqualRegion	1
006dbb74	DelayLoad_GdipGetRegionDataSize	1
006dbb8c	DelayLoad_GdipGetRegionData	1
006dbba4	DelayLoad_GdipIsVisibleRegionPoint	1
006dbbbc	DelayLoad_GdipIsVisibleRegionPointI	1
006dbbd4	DelayLoad_GdipIsVisibleRegionRect	1
006dbbec	DelayLoad_GdipIsVisibleRegionRectI	1
006dbc04	DelayLoad_GdipGetRegionScansCount	1
006dbc1c	DelayLoad_GdipGetRegionScans	1
006dbc34	DelayLoad_GdipGetRegionScansI	1
006dbc4c	DelayLoad_GdipCloneBrush	1
006dbc64	DelayLoad_GdipDeleteBrush	1
006dbc7c	DelayLoad_GdipGetBrushType	1
006dbc94	DelayLoad_GdipCreateHatchBrush	1
006dbcac	DelayLoad_GdipGetHatchStyle	1
006dbcc4	DelayLoad_GdipGetHatchForegroundColor	1
006dbcdc	DelayLoad_GdipGetHatchBackgroundColor	1
006dbcf4	DelayLoad_GdipCreateTexture	1
006dbd0c	DelayLoad_GdipCreateTexture2	1
006dbd24	DelayLoad_GdipCreateTextureIA	1
006dbd3c	DelayLoad_GdipCreateTexture2I	1
006dbd54	DelayLoad_GdipCreateTextureIAI	1
006dbd6c	DelayLoad_GdipGetTextureTransform	1
006dbd84	DelayLoad_GdipSetTextureTransform	1
006dbd9c	DelayLoad_GdipResetTextureTransform	1
006dbdb4	DelayLoad_GdipMultiplyTextureTransform	1
006dbdcc	DelayLoad_GdipTranslateTextureTransform	1
006dbde4	DelayLoad_GdipScaleTextureTransform	1
006dbdfc	DelayLoad_GdipRotateTextureTransform	1
006dbe14	DelayLoad_GdipSetTextureWrapMode	1
006dbe2c	DelayLoad_GdipGetTextureWrapMode	1
006dbe44	DelayLoad_GdipGetTextureImage	1
006dbe5c	DelayLoad_GdipCreateSolidFill	1
006dbe74	DelayLoad_GdipSetSolidFillColor	1
006dbe8c	DelayLoad_GdipGetSolidFillColor	1
006dbea4	DelayLoad_GdipCreateLineBrush	1
006dbebc	DelayLoad_GdipCreateLineBrushI	1
006dbed4	DelayLoad_GdipCreateLineBrushFromRect	1
006dbeec	DelayLoad_GdipCreateLineBrushFromRectI	1
006dbf04	DelayLoad_GdipCreateLineBrushFromRectWithAngle	1
006dbf1c	DelayLoad_GdipCreateLineBrushFromRectWithAngleI	1
006dbf34	DelayLoad_GdipSetLineColors	1
006dbf4c	DelayLoad_GdipGetLineColors	1
006dbf64	DelayLoad_GdipGetLineRect	1
006dbf7c	DelayLoad_GdipGetLineRectI	1
006dbf94	DelayLoad_GdipSetLineGammaCorrection	1
006dbfac	DelayLoad_GdipGetLineGammaCorrection	1
006dbfc4	DelayLoad_GdipGetLineBlendCount	1
006dbfdc	DelayLoad_GdipGetLineBlend	1
006dbff4	DelayLoad_GdipSetLineBlend	1
006dc00c	DelayLoad_GdipGetLinePresetBlendCount	1
006dc024	DelayLoad_GdipGetLinePresetBlend	1
006dc03c	DelayLoad_GdipSetLinePresetBlend	1
006dc054	DelayLoad_GdipSetLineSigmaBlend	1
006dc06c	DelayLoad_GdipSetLineLinearBlend	1
006dc084	DelayLoad_GdipSetLineWrapMode	1
006dc09c	DelayLoad_GdipGetLineWrapMode	1
006dc0b4	DelayLoad_GdipGetLineTransform	1
006dc0cc	DelayLoad_GdipSetLineTransform	1
006dc0e4	DelayLoad_GdipResetLineTransform	1
006dc0fc	DelayLoad_GdipMultiplyLineTransform	1
006dc114	DelayLoad_GdipTranslateLineTransform	1
006dc12c	DelayLoad_GdipScaleLineTransform	1
006dc144	DelayLoad_GdipRotateLineTransform	1
006dc15c	DelayLoad_GdipCreatePathGradient	1
006dc174	DelayLoad_GdipCreatePathGradientI	1
006dc18c	DelayLoad_GdipCreatePathGradientFromPath	1
006dc1a4	DelayLoad_GdipGetPathGradientCenterColor	1
006dc1bc	DelayLoad_GdipSetPathGradientCenterColor	1
006dc1d4	DelayLoad_GdipGetPathGradientSurroundColorsWithCount	1
006dc1ec	DelayLoad_GdipSetPathGradientSurroundColorsWithCount	1
006dc204	DelayLoad_GdipGetPathGradientPath	1
006dc21c	DelayLoad_GdipSetPathGradientPath	1
006dc234	DelayLoad_GdipGetPathGradientCenterPoint	1
006dc24c	DelayLoad_GdipGetPathGradientCenterPointI	1
006dc264	DelayLoad_GdipSetPathGradientCenterPoint	1
006dc27c	DelayLoad_GdipSetPathGradientCenterPointI	1
006dc294	DelayLoad_GdipGetPathGradientRect	1
006dc2ac	DelayLoad_GdipGetPathGradientRectI	1
006dc2c4	DelayLoad_GdipGetPathGradientPointCount	1
006dc2dc	DelayLoad_GdipGetPathGradientSurroundColorCount	1
006dc2f4	DelayLoad_GdipSetPathGradientGammaCorrection	1
006dc30c	DelayLoad_GdipGetPathGradientGammaCorrection	1
006dc324	DelayLoad_GdipGetPathGradientBlendCount	1
006dc33c	DelayLoad_GdipGetPathGradientBlend	1
006dc354	DelayLoad_GdipSetPathGradientBlend	1
006dc36c	DelayLoad_GdipGetPathGradientPresetBlendCount	1
006dc384	DelayLoad_GdipGetPathGradientPresetBlend	1
006dc39c	DelayLoad_GdipSetPathGradientPresetBlend	1
006dc3b4	DelayLoad_GdipSetPathGradientSigmaBlend	1
006dc3cc	DelayLoad_GdipSetPathGradientLinearBlend	1
006dc3e4	DelayLoad_GdipGetPathGradientWrapMode	1
006dc3fc	DelayLoad_GdipSetPathGradientWrapMode	1
006dc414	DelayLoad_GdipGetPathGradientTransform	1
006dc42c	DelayLoad_GdipSetPathGradientTransform	1
006dc444	DelayLoad_GdipResetPathGradientTransform	1
006dc45c	DelayLoad_GdipMultiplyPathGradientTransform	1
006dc474	DelayLoad_GdipTranslatePathGradientTransform	1
006dc48c	DelayLoad_GdipScalePathGradientTransform	1
006dc4a4	DelayLoad_GdipRotatePathGradientTransform	1
006dc4bc	DelayLoad_GdipGetPathGradientFocusScales	1
006dc4d4	DelayLoad_GdipSetPathGradientFocusScales	1
006dc4ec	DelayLoad_GdipCreatePen1	1
006dc504	DelayLoad_GdipCreatePen2	1
006dc51c	DelayLoad_GdipClonePen	1
006dc534	DelayLoad_GdipDeletePen	1
006dc54c	DelayLoad_GdipSetPenWidth	1
006dc564	DelayLoad_GdipGetPenWidth	1
006dc57c	DelayLoad_GdipSetPenLineCap197819	1
006dc594	DelayLoad_GdipSetPenStartCap	1
006dc5ac	DelayLoad_GdipSetPenEndCap	1
006dc5c4	DelayLoad_GdipSetPenDashCap197819	1
006dc5dc	DelayLoad_GdipGetPenStartCap	1
006dc5f4	DelayLoad_GdipGetPenEndCap	1
006dc60c	DelayLoad_GdipGetPenDashCap197819	1
006dc624	DelayLoad_GdipSetPenLineJoin	1
006dc63c	DelayLoad_GdipGetPenLineJoin	1
006dc654	DelayLoad_GdipSetPenCustomStartCap	1
006dc66c	DelayLoad_GdipGetPenCustomStartCap	1
006dc684	DelayLoad_GdipSetPenCustomEndCap	1
006dc69c	DelayLoad_GdipGetPenCustomEndCap	1
006dc6b4	DelayLoad_GdipSetPenMiterLimit	1
006dc6cc	DelayLoad_GdipGetPenMiterLimit	1
006dc6e4	DelayLoad_GdipSetPenMode	1
006dc6fc	DelayLoad_GdipGetPenMode	1
006dc714	DelayLoad_GdipSetPenTransform	1
006dc72c	DelayLoad_GdipGetPenTransform	1
006dc744	DelayLoad_GdipResetPenTransform	1
006dc75c	DelayLoad_GdipMultiplyPenTransform	1
006dc774	DelayLoad_GdipTranslatePenTransform	1
006dc78c	DelayLoad_GdipScalePenTransform	1
006dc7a4	DelayLoad_GdipRotatePenTransform	1
006dc7bc	DelayLoad_GdipSetPenColor	1
006dc7d4	DelayLoad_GdipGetPenColor	1
006dc7ec	DelayLoad_GdipSetPenBrushFill	1
006dc804	DelayLoad_GdipGetPenBrushFill	1
006dc81c	DelayLoad_GdipGetPenFillType	1
006dc834	DelayLoad_GdipGetPenDashStyle	1
006dc84c	DelayLoad_GdipSetPenDashStyle	1
006dc864	DelayLoad_GdipGetPenDashOffset	1
006dc87c	DelayLoad_GdipSetPenDashOffset	1
006dc894	DelayLoad_GdipGetPenDashCount	1
006dc8ac	DelayLoad_GdipSetPenDashArray	1
006dc8c4	DelayLoad_GdipGetPenDashArray	1
006dc8dc	DelayLoad_GdipGetPenCompoundCount	1
006dc8f4	DelayLoad_GdipSetPenCompoundArray	1
006dc90c	DelayLoad_GdipGetPenCompoundArray	1
006dc924	DelayLoad_GdipCreateCustomLineCap	1
006dc93c	DelayLoad_GdipDeleteCustomLineCap	1
006dc954	DelayLoad_GdipCloneCustomLineCap	1
006dc96c	DelayLoad_GdipSetCustomLineCapStrokeCaps	1
006dc984	DelayLoad_GdipGetCustomLineCapStrokeCaps	1
006dc99c	DelayLoad_GdipSetCustomLineCapStrokeJoin	1
006dc9b4	DelayLoad_GdipGetCustomLineCapStrokeJoin	1
006dc9cc	DelayLoad_GdipSetCustomLineCapBaseCap	1
006dc9e4	DelayLoad_GdipGetCustomLineCapBaseCap	1
006dc9fc	DelayLoad_GdipSetCustomLineCapBaseInset	1
006dca14	DelayLoad_GdipGetCustomLineCapBaseInset	1
006dca2c	DelayLoad_GdipSetCustomLineCapWidthScale	1
006dca44	DelayLoad_GdipGetCustomLineCapWidthScale	1
006dca5c	DelayLoad_GdipLoadImageFromStream	1
006dca74	DelayLoad_GdipLoadImageFromFile	1
006dca8c	DelayLoad_GdipLoadImageFromStreamICM	1
006dcaa4	DelayLoad_GdipLoadImageFromFileICM	1
006dcabc	DelayLoad_GdipCloneImage	1
006dcad4	DelayLoad_GdipDisposeImage	1
006dcaec	DelayLoad_GdipSaveImageToFile	1
006dcb04	DelayLoad_GdipSaveImageToStream	1
006dcb1c	DelayLoad_GdipSaveAdd	1
006dcb34	DelayLoad_GdipSaveAddImage	1
006dcb4c	DelayLoad_GdipGetImageGraphicsContext	1
006dcb64	DelayLoad_GdipGetImageBounds	1
006dcb7c	DelayLoad_GdipGetImageDimension	1
006dcb94	DelayLoad_GdipGetImageType	1
006dcbac	DelayLoad_GdipGetImageWidth	1
006dcbc4	DelayLoad_GdipGetImageHeight	1
006dcbdc	DelayLoad_GdipGetImageHorizontalResolution	1
006dcbf4	DelayLoad_GdipGetImageVerticalResolution	1
006dcc0c	DelayLoad_GdipGetImageFlags	1
006dcc24	DelayLoad_GdipGetImageRawFormat	1
006dcc3c	DelayLoad_GdipGetImagePixelFormat	1
006dcc54	DelayLoad_GdipGetImageThumbnail	1
006dcc6c	DelayLoad_GdipGetEncoderParameterListSize	1
006dcc84	DelayLoad_GdipGetEncoderParameterList	1
006dcc9c	DelayLoad_GdipImageGetFrameDimensionsCount	1
006dccb4	DelayLoad_GdipImageGetFrameDimensionsList	1
006dcccc	DelayLoad_GdipImageGetFrameCount	1
006dcce4	DelayLoad_GdipImageSelectActiveFrame	1
006dccfc	DelayLoad_GdipImageRotateFlip	1
006dcd14	DelayLoad_GdipGetImagePalette	1
006dcd2c	DelayLoad_GdipSetImagePalette	1
006dcd44	DelayLoad_GdipGetImagePaletteSize	1
006dcd5c	DelayLoad_GdipGetPropertyCount	1
006dcd74	DelayLoad_GdipGetPropertyIdList	1
006dcd8c	DelayLoad_GdipGetPropertyItemSize	1
006dcda4	DelayLoad_GdipGetPropertyItem	1
006dcdbc	DelayLoad_GdipGetPropertySize	1
006dcdd4	DelayLoad_GdipGetAllPropertyItems	1
006dcdec	DelayLoad_GdipRemovePropertyItem	1
006dce04	DelayLoad_GdipSetPropertyItem	1
006dce1c	DelayLoad_GdipCreateBitmapFromStream	1
006dce34	DelayLoad_GdipCreateBitmapFromFile	1
006dce4c	DelayLoad_GdipCreateBitmapFromStreamICM	1
006dce64	DelayLoad_GdipCreateBitmapFromFileICM	1
006dce7c	DelayLoad_GdipCreateBitmapFromScan0	1
006dce94	DelayLoad_GdipCreateBitmapFromGraphics	1
006dceac	DelayLoad_GdipCreateBitmapFromDirectDrawSurface	1
006dcec4	DelayLoad_GdipCreateBitmapFromGdiDib	1
006dcedc	DelayLoad_GdipCreateBitmapFromHBITMAP	1
006dcef4	DelayLoad_GdipCreateHBITMAPFromBitmap	1
006dcf0c	DelayLoad_GdipCreateBitmapFromHICON	1
006dcf24	DelayLoad_GdipCreateHICONFromBitmap	1
006dcf3c	DelayLoad_GdipCreateBitmapFromResource	1
006dcf54	DelayLoad_GdipCloneBitmapArea	1
006dcf6c	DelayLoad_GdipCloneBitmapAreaI	1
006dcf84	DelayLoad_GdipBitmapLockBits	1
006dcf9c	DelayLoad_GdipBitmapUnlockBits	1
006dcfb4	DelayLoad_GdipBitmapGetPixel	1
006dcfcc	DelayLoad_GdipBitmapSetPixel	1
006dcfe4	DelayLoad_GdipBitmapSetResolution	1
006dcffc	DelayLoad_GdipCreateImageAttributes	1
006dd014	DelayLoad_GdipCloneImageAttributes	1
006dd02c	DelayLoad_GdipDisposeImageAttributes	1
006dd044	DelayLoad_GdipSetImageAttributesToIdentity	1
006dd05c	DelayLoad_GdipResetImageAttributes	1
006dd074	DelayLoad_GdipSetImageAttributesColorMatrix	1
006dd08c	DelayLoad_GdipSetImageAttributesThreshold	1
006dd0a4	DelayLoad_GdipSetImageAttributesGamma	1
006dd0bc	DelayLoad_GdipSetImageAttributesNoOp	1
006dd0d4	DelayLoad_GdipSetImageAttributesColorKeys	1
006dd0ec	DelayLoad_GdipSetImageAttributesOutputChannel	1
006dd104	DelayLoad_GdipSetImageAttributesOutputChannelColorProfile	1
006dd11c	DelayLoad_GdipSetImageAttributesRemapTable	1
006dd134	DelayLoad_GdipSetImageAttributesWrapMode	1
006dd14c	DelayLoad_GdipGetImageAttributesAdjustedPalette	1
006dd164	DelayLoad_GdipFlush	1
006dd17c	DelayLoad_GdipCreateFromHDC	1
006dd194	DelayLoad_GdipCreateFromHDC2	1
006dd1ac	DelayLoad_GdipCreateFromHWND	1
006dd1c4	DelayLoad_GdipCreateFromHWNDICM	1
006dd1dc	DelayLoad_GdipDeleteGraphics	1
006dd1f4	DelayLoad_GdipGetDC	1
006dd20c	DelayLoad_GdipReleaseDC	1
006dd224	DelayLoad_GdipSetCompositingMode	1
006dd23c	DelayLoad_GdipGetCompositingMode	1
006dd254	DelayLoad_GdipSetRenderingOrigin	1
006dd26c	DelayLoad_GdipGetRenderingOrigin	1
006dd284	DelayLoad_GdipSetCompositingQuality	1
006dd29c	DelayLoad_GdipGetCompositingQuality	1
006dd2b4	DelayLoad_GdipSetSmoothingMode	1
006dd2cc	DelayLoad_GdipGetSmoothingMode	1
006dd2e4	DelayLoad_GdipSetPixelOffsetMode	1
006dd2fc	DelayLoad_GdipGetPixelOffsetMode	1
006dd314	DelayLoad_GdipSetTextRenderingHint	1
006dd32c	DelayLoad_GdipGetTextRenderingHint	1
006dd344	DelayLoad_GdipSetTextContrast	1
006dd35c	DelayLoad_GdipGetTextContrast	1
006dd374	DelayLoad_GdipSetInterpolationMode	1
006dd38c	DelayLoad_GdipGetInterpolationMode	1
006dd3a4	DelayLoad_GdipSetWorldTransform	1
006dd3bc	DelayLoad_GdipResetWorldTransform	1
006dd3d4	DelayLoad_GdipMultiplyWorldTransform	1
006dd3ec	DelayLoad_GdipTranslateWorldTransform	1
006dd404	DelayLoad_GdipScaleWorldTransform	1
006dd41c	DelayLoad_GdipRotateWorldTransform	1
006dd434	DelayLoad_GdipGetWorldTransform	1
006dd44c	DelayLoad_GdipGetPageUnit	1
006dd464	DelayLoad_GdipGetPageScale	1
006dd47c	DelayLoad_GdipSetPageUnit	1
006dd494	DelayLoad_GdipSetPageScale	1
006dd4ac	DelayLoad_GdipGetDpiX	1
006dd4c4	DelayLoad_GdipGetDpiY	1
006dd4dc	DelayLoad_GdipTransformPoints	1
006dd4f4	DelayLoad_GdipTransformPointsI	1
006dd50c	DelayLoad_GdipGetNearestColor	1
006dd524	DelayLoad_GdipCreateHalftonePalette	1
006dd53c	DelayLoad_GdipDrawLine	1
006dd554	DelayLoad_GdipDrawLineI	1
006dd56c	DelayLoad_GdipDrawLines	1
006dd584	DelayLoad_GdipDrawLinesI	1
006dd59c	DelayLoad_GdipDrawArc	1
006dd5b4	DelayLoad_GdipDrawArcI	1
006dd5cc	DelayLoad_GdipDrawBezier	1
006dd5e4	DelayLoad_GdipDrawBezierI	1
006dd5fc	DelayLoad_GdipDrawBeziers	1
006dd614	DelayLoad_GdipDrawBeziersI	1
006dd62c	DelayLoad_GdipDrawRectangle	1
006dd644	DelayLoad_GdipDrawRectangleI	1
006dd65c	DelayLoad_GdipDrawRectangles	1
006dd674	DelayLoad_GdipDrawRectanglesI	1
006dd68c	DelayLoad_GdipDrawEllipse	1
006dd6a4	DelayLoad_GdipDrawEllipseI	1
006dd6bc	DelayLoad_GdipDrawPie	1
006dd6d4	DelayLoad_GdipDrawPieI	1
006dd6ec	DelayLoad_GdipDrawPolygon	1
006dd704	DelayLoad_GdipDrawPolygonI	1
006dd71c	DelayLoad_GdipDrawPath	1
006dd734	DelayLoad_GdipDrawCurve	1
006dd74c	DelayLoad_GdipDrawCurveI	1
006dd764	DelayLoad_GdipDrawCurve2	1
006dd77c	DelayLoad_GdipDrawCurve2I	1
006dd794	DelayLoad_GdipDrawCurve3	1
006dd7ac	DelayLoad_GdipDrawCurve3I	1
006dd7c4	DelayLoad_GdipDrawClosedCurve	1
006dd7dc	DelayLoad_GdipDrawClosedCurveI	1
006dd7f4	DelayLoad_GdipDrawClosedCurve2	1
006dd80c	DelayLoad_GdipDrawClosedCurve2I	1
006dd824	DelayLoad_GdipGraphicsClear	1
006dd83c	DelayLoad_GdipFillRectangle	1
006dd854	DelayLoad_GdipFillRectangleI	1
006dd86c	DelayLoad_GdipFillRectangles	1
006dd884	DelayLoad_GdipFillRectanglesI	1
006dd89c	DelayLoad_GdipFillPolygon	1
006dd8b4	DelayLoad_GdipFillPolygonI	1
006dd8cc	DelayLoad_GdipFillEllipse	1
006dd8e4	DelayLoad_GdipFillEllipseI	1
006dd8fc	DelayLoad_GdipFillPie	1
006dd914	DelayLoad_GdipFillPieI	1
006dd92c	DelayLoad_GdipFillPath	1
006dd944	DelayLoad_GdipFillClosedCurve	1
006dd95c	DelayLoad_GdipFillClosedCurveI	1
006dd974	DelayLoad_GdipFillClosedCurve2	1
006dd98c	DelayLoad_GdipFillClosedCurve2I	1
006dd9a4	DelayLoad_GdipFillRegion	1
006dd9bc	DelayLoad_GdipDrawImage	1
006dd9d4	DelayLoad_GdipDrawImageI	1
006dd9ec	DelayLoad_GdipDrawImageRect	1
006dda04	DelayLoad_GdipDrawImageRectI	1
006dda1c	DelayLoad_GdipDrawImagePoints	1
006dda34	DelayLoad_GdipDrawImagePointsI	1
006dda4c	DelayLoad_GdipDrawImagePointRect	1
006dda64	DelayLoad_GdipDrawImagePointRectI	1
006dda7c	DelayLoad_GdipDrawImageRectRect	1
006dda94	DelayLoad_GdipDrawImageRectRectI	1
006ddaac	DelayLoad_GdipDrawImagePointsRect	1
006ddac4	DelayLoad_GdipDrawImagePointsRectI	1
006ddadc	DelayLoad_GdipEnumerateMetafileDestPoint	1
006ddaf4	DelayLoad_GdipEnumerateMetafileDestPointI	1
006ddb0c	DelayLoad_GdipEnumerateMetafileDestRect	1
006ddb24	DelayLoad_GdipEnumerateMetafileDestRectI	1
006ddb3c	DelayLoad_GdipEnumerateMetafileDestPoints	1
006ddb54	DelayLoad_GdipEnumerateMetafileDestPointsI	1
006ddb6c	DelayLoad_GdipEnumerateMetafileSrcRectDestPoint	1
006ddb84	DelayLoad_GdipEnumerateMetafileSrcRectDestPointI	1
006ddb9c	DelayLoad_GdipEnumerateMetafileSrcRectDestRect	1
006ddbb4	DelayLoad_GdipEnumerateMetafileSrcRectDestRectI	1
006ddbcc	DelayLoad_GdipEnumerateMetafileSrcRectDestPoints	1
006ddbe4	DelayLoad_GdipEnumerateMetafileSrcRectDestPointsI	1
006ddbfc	DelayLoad_GdipPlayMetafileRecord	1
006ddc14	DelayLoad_GdipSetClipGraphics	1
006ddc2c	DelayLoad_GdipSetClipRect	1
006ddc44	DelayLoad_GdipSetClipRectI	1
006ddc5c	DelayLoad_GdipSetClipPath	1
006ddc74	DelayLoad_GdipSetClipRegion	1
006ddc8c	DelayLoad_GdipSetClipHrgn	1
006ddca4	DelayLoad_GdipResetClip	1
006ddcbc	DelayLoad_GdipTranslateClip	1
006ddcd4	DelayLoad_GdipTranslateClipI	1
006ddcec	DelayLoad_GdipGetClip	1
006ddd04	DelayLoad_GdipGetClipBounds	1
006ddd1c	DelayLoad_GdipGetClipBoundsI	1
006ddd34	DelayLoad_GdipIsClipEmpty	1
006ddd4c	DelayLoad_GdipGetVisibleClipBounds	1
006ddd64	DelayLoad_GdipGetVisibleClipBoundsI	1
006ddd7c	DelayLoad_GdipIsVisibleClipEmpty	1
006ddd94	DelayLoad_GdipIsVisiblePoint	1
006dddac	DelayLoad_GdipIsVisiblePointI	1
006dddc4	DelayLoad_GdipIsVisibleRect	1
006ddddc	DelayLoad_GdipIsVisibleRectI	1
006dddf4	DelayLoad_GdipSaveGraphics	1
006dde0c	DelayLoad_GdipRestoreGraphics	1
006dde24	DelayLoad_GdipBeginContainer	1
006dde3c	DelayLoad_GdipBeginContainerI	1
006dde54	DelayLoad_GdipBeginContainer2	1
006dde6c	DelayLoad_GdipEndContainer	1
006dde84	DelayLoad_GdipGetMetafileHeaderFromWmf	1
006dde9c	DelayLoad_GdipGetMetafileHeaderFromEmf	1
006ddeb4	DelayLoad_GdipGetMetafileHeaderFromFile	1
006ddecc	DelayLoad_GdipGetMetafileHeaderFromStream	1
006ddee4	DelayLoad_GdipGetMetafileHeaderFromMetafile	1
006ddefc	DelayLoad_GdipGetHemfFromMetafile	1
006ddf14	DelayLoad_GdipCreateMetafileFromWmf	1
006ddf2c	DelayLoad_GdipCreateMetafileFromEmf	1
006ddf44	DelayLoad_GdipCreateMetafileFromFile	1
006ddf5c	DelayLoad_GdipCreateMetafileFromWmfFile	1
006ddf74	DelayLoad_GdipCreateMetafileFromStream	1
006ddf8c	DelayLoad_GdipRecordMetafile	1
006ddfa4	DelayLoad_GdipRecordMetafileI	1
006ddfbc	DelayLoad_GdipRecordMetafileFileName	1
006ddfd4	DelayLoad_GdipRecordMetafileFileNameI	1
006ddfec	DelayLoad_GdipRecordMetafileStream	1
006de004	DelayLoad_GdipRecordMetafileStreamI	1
006de01c	DelayLoad_GdipSetMetafileDownLevelRasterizationLimit	1
006de034	DelayLoad_GdipGetMetafileDownLevelRasterizationLimit	1
006de04c	DelayLoad_GdipComment	1
006de064	DelayLoad_GdipCreateFontFamilyFromName	1
006de07c	DelayLoad_GdipDeleteFontFamily	1
006de094	DelayLoad_GdipCloneFontFamily	1
006de0ac	DelayLoad_GdipGetGenericFontFamilySansSerif	1
006de0c4	DelayLoad_GdipGetGenericFontFamilySerif	1
006de0dc	DelayLoad_GdipGetGenericFontFamilyMonospace	1
006de0f4	DelayLoad_GdipGetFamilyName	1
006de10c	DelayLoad_GdipIsStyleAvailable	1
006de124	DelayLoad_GdipGetEmHeight	1
006de13c	DelayLoad_GdipGetCellAscent	1
006de154	DelayLoad_GdipGetCellDescent	1
006de16c	DelayLoad_GdipGetLineSpacing	1
006de184	DelayLoad_GdipCreateFontFromDC	1
006de19c	DelayLoad_GdipCreateFontFromLogfontA	1
006de1b4	DelayLoad_GdipCreateFontFromLogfontW	1
006de1cc	DelayLoad_GdipCreateFont	1
006de1e4	DelayLoad_GdipCloneFont	1
006de1fc	DelayLoad_GdipDeleteFont	1
006de214	DelayLoad_GdipGetFamily	1
006de22c	DelayLoad_GdipGetFontStyle	1
006de244	DelayLoad_GdipGetFontSize	1
006de25c	DelayLoad_GdipGetFontUnit	1
006de274	DelayLoad_GdipGetFontHeight	1
006de28c	DelayLoad_GdipGetFontHeightGivenDPI	1
006de2a4	DelayLoad_GdipGetLogFontA	1
006de2bc	DelayLoad_GdipGetLogFontW	1
006de2d4	DelayLoad_GdipNewPrivateFontCollection	1
006de2ec	DelayLoad_GdipDeletePrivateFontCollection	1
006de304	DelayLoad_GdipGetFontCollectionFamilyCount	1
006de31c	DelayLoad_GdipGetFontCollectionFamilyList	1
006de334	DelayLoad_GdipPrivateAddFontFile	1
006de34c	DelayLoad_GdipPrivateAddMemoryFont	1
006de364	DelayLoad_GdipDrawString	1
006de37c	DelayLoad_GdipMeasureString	1
006de394	DelayLoad_GdipMeasureCharacterRanges	1
006de3ac	DelayLoad_GdipDrawDriverString	1
006de3c4	DelayLoad_GdipMeasureDriverString	1
006de3dc	DelayLoad_GdipCreateStringFormat	1
006de3f4	DelayLoad_GdipStringFormatGetGenericDefault	1
006de40c	DelayLoad_GdipStringFormatGetGenericTypographic	1
006de424	DelayLoad_GdipDeleteStringFormat	1
006de43c	DelayLoad_GdipCloneStringFormat	1
006de454	DelayLoad_GdipSetStringFormatFlags	1
006de46c	DelayLoad_GdipGetStringFormatFlags	1
006de484	DelayLoad_GdipSetStringFormatAlign	1
006de49c	DelayLoad_GdipGetStringFormatAlign	1
006de4b4	DelayLoad_GdipSetStringFormatLineAlign	1
006de4cc	DelayLoad_GdipGetStringFormatLineAlign	1
006de4e4	DelayLoad_GdipSetStringFormatTrimming	1
006de4fc	DelayLoad_GdipGetStringFormatTrimming	1
006de514	DelayLoad_GdipSetStringFormatHotkeyPrefix	1
006de52c	DelayLoad_GdipGetStringFormatHotkeyPrefix	1
006de544	DelayLoad_GdipSetStringFormatTabStops	1
006de55c	DelayLoad_GdipGetStringFormatTabStops	1
006de574	DelayLoad_GdipGetStringFormatTabStopCount	1
006de58c	DelayLoad_GdipSetStringFormatDigitSubstitution	1
006de5a4	DelayLoad_GdipGetStringFormatDigitSubstitution	1
006de5bc	DelayLoad_GdipGetStringFormatMeasurableCharacterRangeCount	1
006de5d4	DelayLoad_GdipSetStringFormatMeasurableCharacterRanges	1
006de5ec	DelayLoad_GdipCreateCachedBitmap	1
006de604	DelayLoad_GdipDeleteCachedBitmap	1
006de61c	DelayLoad_GdipDrawCachedBitmap	1
006de634	DelayLoad_GdipEmfToWmfBits	1
007a6d60	DelayLoad_D3D10CreateDevice	1
007a6d88	DelayLoad_D3D10CreateDevice1	1
00803828	DelayLoad_D3D11CreateDevice	1
008cd2dc	FUN_008cd2dc	81
0091ffe4	FUN_0091ffe4	1
00920088	FUN_00920088	1
0092034c	FUN_0092034c	1
009215b4	FUN_009215b4	1
00921620	FUN_00921620	1
00921704	FUN_00921704	1
00921764	FUN_00921764	1
00921858	FUN_00921858	1
009218b8	FUN_009218b8	1
009218e4	FUN_009218e4	1
009219b4	FUN_009219b4	1
00921a84	FUN_00921a84	1
00921b48	FUN_00921b48	1
00921c18	FUN_00921c18	1
00921c80	FUN_00921c80	1
00921ce8	FUN_00921ce8	1
00921d54	FUN_00921d54	1
00921ddc	FUN_00921ddc	1
00921dfc	FUN_00921dfc	1
00921e70	FUN_00921e70	1
00921ff4	FUN_00921ff4	1
009221a0	FUN_009221a0	1
009223a4	FUN_009223a4	1
009223e4	FUN_009223e4	1
00922444	FUN_00922444	1
009224b0	FUN_009224b0	1
00922654	FUN_00922654	1
00922720	FUN_00922720	1
009227c8	FUN_009227c8	1
00925ff0	FUN_00925ff0	1
009266fc	FUN_009266fc	1
00926bec	FUN_00926bec	1
00926de8	FUN_00926de8	1
00926f04	FUN_00926f04	1
00927038	FUN_00927038	1
00927314	FUN_00927314	1
00927508	FUN_00927508	1
0092766c	FUN_0092766c	1
00927788	FUN_00927788	1
00927828	FUN_00927828	1
00927a38	FUN_00927a38	1
00927bcc	FUN_00927bcc	1
00927c28	FUN_00927c28	1
00927f80	FUN_00927f80	1
009280d4	FUN_009280d4	1
00928304	FUN_00928304	1
00929488	FUN_00929488	1
009297d4	FUN_009297d4	1
00929a28	FUN_00929a28	1
00929a94	FUN_00929a94	1
00929cec	FUN_00929cec	1
00929d74	FUN_00929d74	1
0092a008	FUN_0092a008	1
0092a37c	FUN_0092a37c	1
0092a588	FUN_0092a588	1
0092a5d8	FUN_0092a5d8	1
0092a730	FUN_0092a730	1
0092a828	FUN_0092a828	1
0092aa44	FUN_0092aa44	1
0092abf0	FUN_0092abf0	1
0092ac90	FUN_0092ac90	1
0092af24	FUN_0092af24	1
0092b2b0	FUN_0092b2b0	1
0092be6c	FUN_0092be6c	1
0092c124	FUN_0092c124	1
0092c158	FUN_0092c158	1
0092c180	FUN_0092c180	1
0092c1f0	FUN_0092c1f0	1
0092c39c	FUN_0092c39c	1
0092c448	FUN_0092c448	1
0092c49c	FUN_0092c49c	1
0092c67c	FUN_0092c67c	1
0092c7b0	FUN_0092c7b0	1
0092c87c	FUN_0092c87c	1
0092cac8	FUN_0092cac8	1
0092cb98	FUN_0092cb98	1
0092cc94	FUN_0092cc94	1
0092cd00	FUN_0092cd00	1
0092cd28	FUN_0092cd28	1
0092cd50	FUN_0092cd50	1
0092ce68	FUN_0092ce68	1
0092cf30	FUN_0092cf30	1
0092d02c	FUN_0092d02c	1
0092d3c4	FUN_0092d3c4	1
0092d484	FUN_0092d484	1
0092d9b4	FUN_0092d9b4	1
0092da4c	FUN_0092da4c	1
0092daf8	FUN_0092daf8	1
0092db80	FUN_0092db80	1
0092dd90	FUN_0092dd90	1
0092dfd0	FUN_0092dfd0	1
0092e0b8	FUN_0092e0b8	1
0092e1d4	FUN_0092e1d4	1
0092e388	FUN_0092e388	1
0092e4c0	FUN_0092e4c0	1
0092e610	FUN_0092e610	1
0092e7b0	FUN_0092e7b0	1
0092e840	FUN_0092e840	1
0092eb24	FUN_0092eb24	1
0092ef08	FUN_0092ef08	1
0092f0ec	FUN_0092f0ec	1
0092f5ec	FUN_0092f5ec	1
0092f690	FUN_0092f690	1
0092f824	FUN_0092f824	1
0092f9a0	FUN_0092f9a0	1
009304a0	FUN_009304a0	1
00930564	FUN_00930564	1
00930608	FUN_00930608	1
009306fc	FUN_009306fc	1
009307e4	FUN_009307e4	1
00930870	FUN_00930870	1
00930b08	FUN_00930b08	1
00930c7c	FUN_00930c7c	1
009310d4	FUN_009310d4	1
009311b8	FUN_009311b8	1
00931384	FUN_00931384	1
00931434	FUN_00931434	1
009314fc	FUN_009314fc	1
00932104	FUN_00932104	1
00932234	FUN_00932234	1
00932358	FUN_00932358	1
0093242c	FUN_0093242c	1
0093249c	FUN_0093249c	1
009327c0	FUN_009327c0	1
00932858	FUN_00932858	1
00932b88	FUN_00932b88	1
00932d08	FUN_00932d08	1
00932e40	FUN_00932e40	1
00932f84	FUN_00932f84	1
0093314c	FUN_0093314c	1
009332c4	FUN_009332c4	1
009333c4	FUN_009333c4	1
00933528	FUN_00933528	1
00933c28	NameUnit.TNameForm.FormCreate	1
00933c30	NameUnit.TNameForm.FormHide	1
00933da4	NameUnit.TNameForm.FormKeyDown	1
00933db8	NameUnit.TNameForm.BitBtn1Click	1
00933dc0	NameUnit.TNameForm.Edit1KeyDown	1
00933de4	NameUnit.TNameForm.FormShow	1
0093439c	FUN_0093439c	1
0093449c	FUN_0093449c	1
009344c8	FUN_009344c8	1
00935050	FUN_00935050	1
0093583c	FUN_0093583c	1
009358b8	FUN_009358b8	1
009359d8	FUN_009359d8	1
00935bfc	FUN_00935bfc	1
00935dd4	FUN_00935dd4	1
00935ea0	FUN_00935ea0	1
00935f5c	FUN_00935f5c	1
00935fc8	FUN_00935fc8	1
00936af8	FigureSelectorUnit.TFigureSelectorForm.FormCreate	1
00936c20	FigureSelectorUnit.TFigureSelectorForm.FormKeyDown	1
00936c34	FigureSelectorUnit.TFigureSelectorForm.FormShow	1
00936d54	FigureSelectorUnit.TFigureSelectorForm.FormMouseDown	1
00937244	FigureSelectorUnit.TFigureSelectorForm.DoubleClickTimerTimer	1
00937258	FigureSelectorUnit.TFigureSelectorForm.FormMouseUp	1
00937278	FUN_00937278	1
009373d0	FUN_009373d0	1
009374b4	FUN_009374b4	1
00937738	FigureSelectorUnit.TFigureSelectorForm.FormResize	1
00937800	FigureSelectorUnit.TFigureSelectorForm.SearchEditChangeTracking	1
00937864	FigureSelectorUnit.TFigureSelectorForm.SearchEditEnter	1
009378b0	FigureSelectorUnit.TFigureSelectorForm.RenameButtonClick	1
0093807c	FUN_0093807c	1
00938154	FUN_00938154	1
0093820c	FUN_0093820c	1
00938380	FUN_00938380	1
00938544	FUN_00938544	1
00938674	FUN_00938674	1
00938808	FUN_00938808	1
00938b1c	FUN_00938b1c	1
00938df4	FUN_00938df4	1
00938f78	FUN_00938f78	1
00939430	FUN_00939430	1
009395cc	FUN_009395cc	1
009398c8	FUN_009398c8	1
00939ab4	FUN_00939ab4	1
00939cc8	FUN_00939cc8	1
0093ba50	FUN_0093ba50	1
0093bb58	FUN_0093bb58	191
0093bc54	FUN_0093bc54	64
0093bcd0	FUN_0093bcd0	324
0093be14	FUN_0093be14	109
0093be84	FUN_0093be84	117
0093befc	FUN_0093befc	1
0093c0e8	FUN_0093c0e8	1
0093c188	FUN_0093c188	1
0093c2c0	FUN_0093c2c0	1
0093c3fc	FUN_0093c3fc	1
0093c4f4	FUN_0093c4f4	1
0093c5c4	FUN_0093c5c4	1
0093c814	FUN_0093c814	1
0093cad4	FUN_0093cad4	1
0093d2dc	FUN_0093d2dc	1
0093d348	FUN_0093d348	1
0093d870	FUN_0093d870	1
0093d954	FUN_0093d954	1
0093dd40	FUN_0093dd40	1
0093e184	FUN_0093e184	1
0093e9b8	FUN_0093e9b8	1
0093ea70	FUN_0093ea70	1
0093eb20	FUN_0093eb20	1
0093ee1c	FUN_0093ee1c	1
0093eea0	FUN_0093eea0	1
0093f038	FUN_0093f038	1
0093f37c	FUN_0093f37c	1
0093f574	FUN_0093f574	1
0093f908	FUN_0093f908	1
0093fd18	FUN_0093fd18	1
0093fe44	FUN_0093fe44	1
00940a9c	FUN_00940a9c	1
00940b0c	FUN_00940b0c	1
00940d70	FUN_00940d70	1
0094102c	FUN_0094102c	1
0094144c	FUN_0094144c	1
00941874	FUN_00941874	1
00941f2c	FUN_00941f2c	1
009434e0	FUN_009434e0	1
00943598	FUN_00943598	1
00943650	FUN_00943650	1
009436f8	FUN_009436f8	1
00943964	FUN_00943964	1
00943990	FUN_00943990	1
00943a7c	FUN_00943a7c	1
00943b0c	FUN_00943b0c	1
00944110	FUN_00944110	1
009442c0	FUN_009442c0	1
0094468c	FUN_0094468c	1
00944738	FUN_00944738	1
009448c4	FUN_009448c4	1
00944a10	FUN_00944a10	1
00944c80	FUN_00944c80	1
00945178	FUN_00945178	1
009452b4	FUN_009452b4	1
00945364	FUN_00945364	1
00945414	FUN_00945414	1
00946054	BackgroundSelectorUnit.TBackgroundSelectorForm.FormCreate	1
00946180	BackgroundSelectorUnit.TBackgroundSelectorForm.FormKeyDown	1
00946194	BackgroundSelectorUnit.TBackgroundSelectorForm.FormShow	1
009462b4	BackgroundSelectorUnit.TBackgroundSelectorForm.FormMouseDown	1
0094672c	BackgroundSelectorUnit.TBackgroundSelectorForm.DoubleClickTimerTimer	1
00946740	BackgroundSelectorUnit.TBackgroundSelectorForm.FormMouseUp	1
009467cc	FUN_009467cc	1
00946a80	BackgroundSelectorUnit.TBackgroundSelectorForm.FormResize	1
00946ba4	BackgroundSelectorUnit.TBackgroundSelectorForm.SearchEditChangeTracking	1
00946c08	BackgroundSelectorUnit.TBackgroundSelectorForm.SearchEditEnter	1
00946c54	BackgroundSelectorUnit.TBackgroundSelectorForm.RenameButtonClick	1
00948100	FUN_00948100	1
00948200	FUN_00948200	1
0094829c	FUN_0094829c	1
00948484	FUN_00948484	1
00948608	FUN_00948608	1
009486cc	FUN_009486cc	1
00948a68	FUN_00948a68	1
00948ba0	FUN_00948ba0	1
00948cb8	FUN_00948cb8	1
00948d84	FUN_00948d84	1
00948e90	FUN_00948e90	1
00948f9c	FUN_00948f9c	1
00949100	FUN_00949100	1
0094921c	FUN_0094921c	1
0094933c	FUN_0094933c	1
009494dc	FUN_009494dc	1
00949580	FUN_00949580	1
009496c0	FUN_009496c0	1
00949ba8	FUN_00949ba8	1
00949ee0	FUN_00949ee0	1
0094a1d0	FUN_0094a1d0	1
0094a5ac	FUN_0094a5ac	1
0094a764	FUN_0094a764	1
0094a8a0	FUN_0094a8a0	1
0094aa20	FUN_0094aa20	1
0094abc8	FUN_0094abc8	1
0094ad48	FUN_0094ad48	1
0094b108	FUN_0094b108	1
0094b424	FUN_0094b424	1
0094b6ec	FUN_0094b6ec	1
0094b88c	FUN_0094b88c	1
0094ba40	FUN_0094ba40	1
0094bc04	FUN_0094bc04	1
0094bd80	FUN_0094bd80	1
0094be70	FUN_0094be70	1
0094c080	FUN_0094c080	1
0094c228	FUN_0094c228	1
0094c2f4	FUN_0094c2f4	1
0094c49c	FUN_0094c49c	1
0094c514	FUN_0094c514	1
0094c678	FUN_0094c678	1
0094c79c	FUN_0094c79c	1
0094c98c	FUN_0094c98c	1
0094cee8	FUN_0094cee8	1
0094d4f8	FUN_0094d4f8	1
0094d7c8	FUN_0094d7c8	1
0094dc80	FUN_0094dc80	1
0094dea0	FUN_0094dea0	1
0094e1d8	FUN_0094e1d8	1
0094e398	FUN_0094e398	1
0094e4b0	FUN_0094e4b0	1
0094e628	FUN_0094e628	1
0094e790	FUN_0094e790	1
0094eecc	FUN_0094eecc	1
0094efcc	FUN_0094efcc	1
0094f0e4	FUN_0094f0e4	1
0094f1fc	FUN_0094f1fc	1
0094fa90	FUN_0094fa90	1
0094fc18	FUN_0094fc18	1
0094fc34	FUN_0094fc34	1
0094fea0	FUN_0094fea0	1
0094ffe8	FUN_0094ffe8	1
0095016c	FUN_0095016c	1
009502d8	FUN_009502d8	1
00950a40	FUN_00950a40	1
00950bf0	FUN_00950bf0	1
00950c58	FUN_00950c58	1
00950cc8	FUN_00950cc8	1
00950dd4	FUN_00950dd4	1
00951208	FUN_00951208	1
009513bc	FUN_009513bc	1
009517c4	FUN_009517c4	1
00951ba8	FUN_00951ba8	1
00951c54	FUN_00951c54	1
00951e44	FUN_00951e44	1
00952e74	OptionsUnit.TOptionsForm.FormActivate	1
009533cc	OptionsUnit.TOptionsForm.FormCreate	1
00953460	OptionsUnit.TOptionsForm.FormHide	1
0095350c	OptionsUnit.TOptionsForm.FormKeyDown	1
00953520	OptionsUnit.TOptionsForm.HelpLabelClick	1
0095376c	OptionsUnit.TOptionsForm.BitBtn1Click	1
00953e1c	OptionsUnit.TOptionsForm.BitBtn2Click	1
00953e20	OptionsUnit.TOptionsForm.DefaultBitBtnClick	1
00953f88	OptionsUnit.TOptionsForm.SpinEditSpeedChange	1
00953fb4	OptionsUnit.TOptionsForm.CheckBoxEaseClick	1
00954018	OptionsUnit.TOptionsForm.ResButtonClick	1
00954054	OptionsUnit.TOptionsForm.ResListBoxExit	1
00954068	OptionsUnit.TOptionsForm.ResListBoxChange	1
009541c8	OptionsUnit.TOptionsForm.SpeedButton1Click	1
00954218	OptionsUnit.TOptionsForm.RadioButtonDarkChange	1
0095421c	OptionsUnit.TOptionsForm.UpdateTheme	1
00954c5c	AboutUnit.TAboutBox.FormCreate	1
00954e44	AboutUnit.TAboutBox.OpenFacebook	1
00954ebc	AboutUnit.TAboutBox.OpenReddit	1
00954f28	AboutUnit.TAboutBox.OpenDiscord	1
00954f80	AboutUnit.TAboutBox.OpenYouTube	1
00954fe4	AboutUnit.TAboutBox.WebsiteLabelClick	1
0095503c	AboutUnit.TAboutBox.FormKeyDown	1
00955050	AboutUnit.TAboutBox.Label8Click	1
009550a0	AboutUnit.TAboutBox.OKButtonClick	1
00955584	ProgressUnit.TProgressForm.BitBtn1Click	1
009555a4	ProgressUnit.TProgressForm.FormHide	1
00955620	ProgressUnit.TProgressForm.FormShow	1
00955fa4	ImageSaveUnit.TImageOptionsForm.FormCreate	1
00955fdc	ImageSaveUnit.TImageOptionsForm.FormKeyDown	1
00955ff0	ImageSaveUnit.TImageOptionsForm.FormShow	1
009560c8	ImageSaveUnit.TImageOptionsForm.HelpLabelClick	1
00956204	ImageSaveUnit.TImageOptionsForm.RadioButtonPngClick	1
0095623c	ImageSaveUnit.TImageOptionsForm.RadioButtonJPEGClick	1
00956274	ImageSaveUnit.TImageOptionsForm.RadioButtonGIFClick	1
009562ac	ImageSaveUnit.TImageOptionsForm.RadioButtonSVGClick	1
009562e4	ImageSaveUnit.TImageOptionsForm.BitBtn1Click	1
009573c4	SpriteEditUnit.TSpriteForm.FormCreate	1
00957bb4	SpriteEditUnit.TSpriteForm.FormResize	1
009580e0	SpriteEditUnit.TSpriteForm.btn1Click	1
009580e8	SpriteEditUnit.TSpriteForm.FormHide	1
00958164	SpriteEditUnit.TSpriteForm.Image1MouseDown	1
009582c8	SpriteEditUnit.TSpriteForm.Image1MouseMove	1
009585b8	SpriteEditUnit.TSpriteForm.Image1MouseUp	1
0095860c	SpriteEditUnit.TSpriteForm.FormKeyDown	1
009ab7e8	DelayLoad_DwmDefWindowProc	1
009ab800	DelayLoad_DwmExtendFrameIntoClientArea	1
009ab818	DelayLoad_DwmGetColorizationColor	1
009ab830	DelayLoad_DwmGetWindowAttribute	1
009ab848	DelayLoad_DwmIsCompositionEnabled	1
009c0064	Vcl.Controls.TCustomPanningWindow.GetIsPanning	1
009c006c	Vcl.Controls.TCustomPanningWindow.StartPanning	1
009c0074	Vcl.Controls.TCustomPanningWindow.StopPanning	1
009e5c9c	Vcl.Printers.TPrinterCanvas.CreateHandle	1
009e5cc0	Vcl.Printers.TPrinterCanvas.Changing	1
009e5ce0	Vcl.Printers.TPrinterCanvas.UpdateFont	1
00a61fb4	PickerUnit.TPickerForm.FormHide	1
00a61fe4	PickerUnit.TPickerForm.FormKeyDown	1
00a61ff8	PickerUnit.TPickerForm.Image1MouseDown	1
00a62028	PickerUnit.TPickerForm.Image1MouseUp	1
00a6203c	PickerUnit.TPickerForm.Image1MouseMove	1
00a62e7c	ColorUnit.TColorForm.FormCreate	1
00a63200	ColorUnit.TColorForm.FormKeyDown	1
00a63214	ColorUnit.TColorForm.FormShow	1
00a6323c	FUN_00a6323c	1
00a63350	ColorUnit.TColorForm.AddButtonClick	1
00a6339c	ColorUnit.TColorForm.ColorClick	1
00a6343c	FUN_00a6343c	1
00a63514	ColorUnit.TColorForm.RGBSpinBoxChange	1
00a6357c	ColorUnit.TColorForm.HSLSpinBoxChange	1
00a63618	ColorUnit.TColorForm.HexEditValidate	1
00a636c4	ColorUnit.TColorForm.ColorPanel1Change	1
00a638cc	ColorUnit.TColorForm.PickButtonClick	1
00a6411c	FUN_00a6411c	1
00a646cc	FUN_00a646cc	1
00a649b4	FUN_00a649b4	1
00a64a3c	FUN_00a64a3c	1
00a64bb4	FUN_00a64bb4	1
00a64c44	FUN_00a64c44	1
00a64d4c	FUN_00a64d4c	1
00a64d68	FUN_00a64d68	1
00a64f1c	FUN_00a64f1c	1
00a66798	FUN_00a66798	1
00a66b8c	TimelineUnit.TShape2.StyleChanged	1
00a66c2c	FUN_00a66c2c	1
00a66f30	FUN_00a66f30	1
00a66fc0	FUN_00a66fc0	1
00a672bc	FUN_00a672bc	1
00a672f8	FUN_00a672f8	1
00a6764c	FUN_00a6764c	1
00a678cc	FUN_00a678cc	1
00a67988	FUN_00a67988	1
00a67a7c	FUN_00a67a7c	1
00a67b58	FUN_00a67b58	1
00a67dd4	FUN_00a67dd4	1
00a68010	FUN_00a68010	1
00a681b8	FUN_00a681b8	1
00a682a0	FUN_00a682a0	1
00a68578	FUN_00a68578	1
00a68660	FUN_00a68660	1
00a686ec	FUN_00a686ec	1
00a689b0	FUN_00a689b0	1
00a69d88	TextUnit.TTextForm.FormCreate	1
00a69f18	TextUnit.TTextForm.FormKeyDown	1
00a69f6c	TextUnit.TTextForm.MenuButtonClick	1
00a69fdc	TextUnit.TTextForm.FamilyListBoxChange	1
00a6a0bc	TextUnit.TTextForm.FillColorButtonClick	1
00a6a1c4	TextUnit.TTextForm.OutlineColorButtonClick	1
00a6a2ac	TextUnit.TTextForm.GradCheckBoxChange	1
00a6a308	TextUnit.TTextForm.GradColorButtonClick	1
00a6a394	TextUnit.TTextForm.HelpMenuItemClick	1
00a6a414	TextUnit.TTextForm.FontBoxMouseDown	1
00a6a428	TextUnit.TTextForm.FormMouseDown	1
00a6a43c	TextUnit.TTextForm.FormShow	1
00a6a4bc	TextUnit.TTextForm.mTextChangeTracking	1
00a6a54c	TextUnit.TTextForm.mTextChange	1
00a6a60c	TextUnit.TTextForm.rbAlignChange	1
00a6a6c4	TextUnit.TTextForm.btnAddClick	1
00a6aa50	TextUnit.TTextForm.ModifyItemClick	1
00a6acb0	FUN_00a6acb0	1
00a6ae70	FUN_00a6ae70	1
00a6afc0	FUN_00a6afc0	1
00a6b188	FUN_00a6b188	1
00a6b1f8	TextUnit.TTextForm.cbBoldChange	1
00a6b2c4	TextUnit.TTextForm.cbItalicChange	1
00a6b394	TextUnit.TTextForm.WidthSpinBoxChange	1
00a6b428	FUN_00a6b428	1
00a6b6c4	FUN_00a6b6c4	1
00a6b8a0	FUN_00a6b8a0	1
00a6b9bc	FUN_00a6b9bc	1
00a6c124	TextUnit.TTextForm.LoadItemClick	1
00a6c380	TextUnit.TTextForm.SaveItemClick	1
00a6cb2c	FUN_00a6cb2c	1
00a6cc34	FUN_00a6cc34	1
00a6cf00	FUN_00a6cf00	1
00a6d55c	FUN_00a6d55c	1
00a6d638	FUN_00a6d638	1
00a6da40	FUN_00a6da40	1
00a6e9dc	FUN_00a6e9dc	1
00a6eb64	BackgroundColorUnit.TBackgroundColorForm.FormCreate	1
00a6ee9c	BackgroundColorUnit.TBackgroundColorForm.FormKeyDown	1
00a6eeb0	FUN_00a6eeb0	1
00a6f2e4	BackgroundColorUnit.TBackgroundColorForm.SwapButtonClick	1
00a6f318	BackgroundColorUnit.TBackgroundColorForm.FormShow	1
00a6f3b4	BackgroundColorUnit.TBackgroundColorForm.HelpLabelClick	1
00a6f434	BackgroundColorUnit.TBackgroundColorForm.ColorButton1Change	1
00a6f480	BackgroundColorUnit.TBackgroundColorForm.ColorButton2Change	1
00a6f4c0	BackgroundColorUnit.TBackgroundColorForm.ColorButton1Click	1
00a6f520	BackgroundColorUnit.TBackgroundColorForm.ColorButton2Click	1
00a6f580	BackgroundColorUnit.TBackgroundColorForm.RadioButtonSolidChange	1
00a6f638	BackgroundColorUnit.TBackgroundColorForm.RadioButton12Change	1
00a6f904	FUN_00a6f904	1
00a6fd10	BackgroundColorUnit.TBackgroundColorForm.TrackBarOffsetTracking	1
00a7035c	FUN_00a7035c	1
00a70404	FUN_00a70404	1
00a70564	FUN_00a70564	1
00a705ec	FUN_00a705ec	1
00a70708	FUN_00a70708	1
00a712f8	FUN_00a712f8	1
00a744b0	FUN_00a744b0	1
00a74804	FUN_00a74804	1
00a74900	FUN_00a74900	1
00a74974	FUN_00a74974	1
00a74ae0	FUN_00a74ae0	1
00a74ce4	FUN_00a74ce4	1
00a74e00	FUN_00a74e00	1
00a7500c	FUN_00a7500c	1
00a780c8	FUN_00a780c8	1
00a7e42c	FUN_00a7e42c	1
00a7eaf0	FUN_00a7eaf0	1
00a7f0d8	FUN_00a7f0d8	1
00a7f10c	FUN_00a7f10c	1
00a7f30c	FMX.FFAbout.TfrmAbout.FormCreate	1
00a7f34c	FUN_00a7f34c	1
00a7f444	FMX.FFAbout.TfrmAbout.Label4Click	1
00a7f570	FMX.FFAbout.TfrmAbout.Label4MouseEnter	1
00a7f584	FMX.FFAbout.TfrmAbout.Label4MouseLeave	1
00a7fab4	FUN_00a7fab4	1
00a7fbf0	FUN_00a7fbf0	1
00a84838	FUN_00a84838	1
00a84e44	FUN_00a84e44	1
00a84e9c	FUN_00a84e9c	1
00a853c4	FUN_00a853c4	1
00a85794	FUN_00a85794	1
00a857e8	FUN_00a857e8	1
00a8586c	FUN_00a8586c	1
00a858cc	FUN_00a858cc	1
00a8592c	FUN_00a8592c	1
00a8599c	FUN_00a8599c	1
00a85bdc	FUN_00a85bdc	1
00a85c58	FUN_00a85c58	1
00a85de4	FUN_00a85de4	1
00a85fcc	FUN_00a85fcc	1
00a86084	FUN_00a86084	1
00a86170	FUN_00a86170	1
00a861e0	FUN_00a861e0	1
00a86360	FUN_00a86360	1
00a86468	FUN_00a86468	1
00a8657c	FUN_00a8657c	1
00a86590	FUN_00a86590	1
00a86918	FUN_00a86918	1
00a869dc	FUN_00a869dc	1
00a87650	FUN_00a87650	1
00a87c9c	FUN_00a87c9c	1
00a883c8	FUN_00a883c8	1
00a8902c	FUN_00a8902c	1
00a89200	FUN_00a89200	1
00a89234	FUN_00a89234	1
00a89378	FUN_00a89378	1
00a895ec	FUN_00a895ec	1
00a896c8	FUN_00a896c8	1
00a89894	FUN_00a89894	1
00a89920	FUN_00a89920	1
00a899dc	FUN_00a899dc	1
00a89a08	FUN_00a89a08	1
00a89a58	FUN_00a89a58	1
00a89b34	FUN_00a89b34	1
00a89b68	FUN_00a89b68	1
00a89c88	FUN_00a89c88	1
00a89dac	FUN_00a89dac	1
00a89ec8	FUN_00a89ec8	1
00a89fe4	FUN_00a89fe4	1
00a8a1ac	FUN_00a8a1ac	1
00a8a604	FUN_00a8a604	1
00a8a870	FUN_00a8a870	1
00a8ab00	FUN_00a8ab00	1
00a8acdc	FUN_00a8acdc	1
00a8ad24	FUN_00a8ad24	1
00a8b438	FUN_00a8b438	1
00a8b5a4	FUN_00a8b5a4	1
00a8b754	FUN_00a8b754	1
00a8bd98	FUN_00a8bd98	1
00a8c154	FUN_00a8c154	1
00a8c268	FUN_00a8c268	1
00a8c364	FUN_00a8c364	1
00a8c7d0	FUN_00a8c7d0	1
00a8c9d8	FUN_00a8c9d8	1
00a8cb08	FUN_00a8cb08	1
00a8d158	FUN_00a8d158	1
00a8d7dc	FUN_00a8d7dc	1
00a8dd7c	FUN_00a8dd7c	1
00a8df60	FUN_00a8df60	1
00a8e548	FUN_00a8e548	1
00a8e8d0	FUN_00a8e8d0	1
00a8e9b4	FUN_00a8e9b4	1
00a8ece0	FUN_00a8ece0	1
00a8ef8c	FUN_00a8ef8c	1
00a8efdc	FUN_00a8efdc	1
00a8f66c	FUN_00a8f66c	1
00a8f840	FUN_00a8f840	1
00a8fa00	FUN_00a8fa00	1
00a8fba0	FUN_00a8fba0	1
00a8fd24	FUN_00a8fd24	1
00a9055c	FUN_00a9055c	1
00a905ec	FUN_00a905ec	1
00a90644	FUN_00a90644	1
00a906ac	FUN_00a906ac	1
00a90704	FUN_00a90704	1
00a9076c	FUN_00a9076c	1
00a907c8	FUN_00a907c8	1
00a90888	FUN_00a90888	1
00a9093c	FUN_00a9093c	1
00a90b5c	FUN_00a90b5c	1
00a90d5c	FUN_00a90d5c	1
00a92f08	FUN_00a92f08	1
00a93040	FUN_00a93040	1
00a9327c	FUN_00a9327c	1
00a933e8	FUN_00a933e8	1
00a935dc	FUN_00a935dc	1
00a93918	FUN_00a93918	1
00a93d68	FUN_00a93d68	1
00a942e4	FUN_00a942e4	1
00a945b8	FUN_00a945b8	1
00a94754	FUN_00a94754	1
00a94944	FUN_00a94944	1
00a94bf4	FUN_00a94bf4	1
00a94d1c	FUN_00a94d1c	1
00a95708	FUN_00a95708	1
00a95f0c	FUN_00a95f0c	1
00a960f8	FUN_00a960f8	1
00a96224	FUN_00a96224	1
00a96350	FUN_00a96350	1
00a9647c	FUN_00a9647c	1
00a965c0	FUN_00a965c0	1
00a96abc	FUN_00a96abc	1
00a971a4	FUN_00a971a4	1
00a9729c	FUN_00a9729c	1
00a97924	FUN_00a97924	1
00a97d54	FUN_00a97d54	1
00a97fc0	FUN_00a97fc0	1
00a982f4	FUN_00a982f4	1
00a985b0	FUN_00a985b0	1
00a985dc	FUN_00a985dc	1
00a98620	FUN_00a98620	1
00a98a08	FUN_00a98a08	1
00a98ef4	FUN_00a98ef4	1
00a99298	FUN_00a99298	1
00a99724	FUN_00a99724	1
00a99b18	FUN_00a99b18	1
00a9a9a0	FUN_00a9a9a0	1
00a9b26c	FUN_00a9b26c	1
00a9b6b0	FUN_00a9b6b0	1
00a9b7ac	FUN_00a9b7ac	1
00a9b7d0	FUN_00a9b7d0	1
00a9b8b8	FUN_00a9b8b8	1
00a9c754	FUN_00a9c754	1
00a9c870	FUN_00a9c870	1
00a9c95c	FUN_00a9c95c	1
00a9c98c	FUN_00a9c98c	1
00a9c9e0	FUN_00a9c9e0	1
00a9d25c	FUN_00a9d25c	1
00a9d3e4	FUN_00a9d3e4	1
00a9d494	FUN_00a9d494	1
00a9d53c	FUN_00a9d53c	1
00a9e090	FUN_00a9e090	1
00a9e110	FUN_00a9e110	1
00a9f468	FUN_00a9f468	1
00a9f4cc	FUN_00a9f4cc	1
00a9f54c	FUN_00a9f54c	1
00a9f5d0	FUN_00a9f5d0	1
00a9f694	FUN_00a9f694	1
00a9f710	FUN_00a9f710	1
00a9f7dc	FUN_00a9f7dc	1
00a9fec0	FUN_00a9fec0	1
00aa0190	FUN_00aa0190	1
00aa0400	FUN_00aa0400	1
00aa0824	FUN_00aa0824	1
00aa0a28	FUN_00aa0a28	1
00aa0b8c	FUN_00aa0b8c	1
00aa0d50	FUN_00aa0d50	1
00aa0f2c	FUN_00aa0f2c	1
00aa15a8	FUN_00aa15a8	1
00aa15fc	FUN_00aa15fc	1
00aa2548	FUN_00aa2548	1
00aa2760	FUN_00aa2760	1
00aa283c	FUN_00aa283c	1
00aa2eec	FUN_00aa2eec	1
00aa32f4	FUN_00aa32f4	1
00aa3440	FUN_00aa3440	1
00aa35d0	FUN_00aa35d0	1
00aa3df0	FUN_00aa3df0	1
00aa41d0	FUN_00aa41d0	1
00aa4468	FUN_00aa4468	1
00aa4770	FUN_00aa4770	1
00aa49dc	FUN_00aa49dc	1
00aa622c	FUN_00aa622c	1
00aa663c	FUN_00aa663c	1
00aa6a08	FUN_00aa6a08	1
00aa77b8	FUN_00aa77b8	1
00aa8a3c	FUN_00aa8a3c	1
00aa8ff0	FUN_00aa8ff0	1
00aa9510	FUN_00aa9510	1
00aa96fc	FUN_00aa96fc	1
00aa9a48	FUN_00aa9a48	1
00aa9b6c	FUN_00aa9b6c	1
00aa9d2c	FUN_00aa9d2c	1
00aaa0fc	FUN_00aaa0fc	1
00aaa960	FUN_00aaa960	1
00aaae00	FUN_00aaae00	1
00aab8a8	FUN_00aab8a8	1
00aabbc0	FUN_00aabbc0	1
00aabf00	FUN_00aabf00	1
00aabf48	FUN_00aabf48	1
00aac51c	FUN_00aac51c	1
00aac56c	FUN_00aac56c	1
00aac65c	FUN_00aac65c	1
00aac674	FUN_00aac674	1
00aac934	FUN_00aac934	1
00aad92c	FUN_00aad92c	1
00aadde0	FUN_00aadde0	1
00aaea88	FUN_00aaea88	1
00aaf688	FUN_00aaf688	1
00aaf798	FUN_00aaf798	1
00aafb88	FUN_00aafb88	1
00ab070c	FUN_00ab070c	1
00ab0b2c	FUN_00ab0b2c	1
00ab1058	FUN_00ab1058	1
00ab1360	FUN_00ab1360	1
00ab32d8	FUN_00ab32d8	1
00ab3530	FUN_00ab3530	1
00ab5bcc	FUN_00ab5bcc	1
00ab5d88	FUN_00ab5d88	1
00ab5f3c	FUN_00ab5f3c	1
00ab6268	FUN_00ab6268	1
00ab6354	FUN_00ab6354	1
00ab64a4	FUN_00ab64a4	1
00ab65a4	FUN_00ab65a4	1
00ab66a4	FUN_00ab66a4	1
00ab67a4	FUN_00ab67a4	1
00ab689c	FUN_00ab689c	1
00ab699c	FUN_00ab699c	1
00ab6a9c	FUN_00ab6a9c	1
00ab6b9c	FUN_00ab6b9c	1
00ab6c9c	FUN_00ab6c9c	1
00ab6d94	FUN_00ab6d94	1
00ab6e94	FUN_00ab6e94	1
00ab6f94	FUN_00ab6f94	1
00ab7094	FUN_00ab7094	1
00ab7194	FUN_00ab7194	1
00ab7294	FUN_00ab7294	1
00ab7394	FUN_00ab7394	1
00ab7494	FUN_00ab7494	1
00ab7594	FUN_00ab7594	1
00ab7694	FUN_00ab7694	1
00ab7794	FUN_00ab7794	1
00ab7894	FUN_00ab7894	1
00ab798c	FUN_00ab798c	1
00ab7a8c	FUN_00ab7a8c	1
00ab7b8c	FUN_00ab7b8c	1
00ab7c84	FUN_00ab7c84	1
00ab7d84	FUN_00ab7d84	1
00ab7e84	FUN_00ab7e84	1
00ab7f84	FUN_00ab7f84	1
00ab8084	FUN_00ab8084	1
00ab8184	FUN_00ab8184	1
00ab827c	FUN_00ab827c	1
00ab837c	FUN_00ab837c	1
00ab8474	FUN_00ab8474	1
00ab856c	FUN_00ab856c	1
00ab866c	FUN_00ab866c	1
00ab876c	FUN_00ab876c	1
00ab886c	FUN_00ab886c	1
00ab896c	FUN_00ab896c	1
00ab8a6c	FUN_00ab8a6c	1
00ab8b6c	FUN_00ab8b6c	1
00ab8c6c	FUN_00ab8c6c	1
00ab8d70	FUN_00ab8d70	1
00ab8e6c	FUN_00ab8e6c	1
00ab8f70	FUN_00ab8f70	1
00ab9200	FUN_00ab9200	1
00ab92f8	FUN_00ab92f8	1
00ab9304	FUN_00ab9304	1
00ab947c	FUN_00ab947c	1
00ab964c	FUN_00ab964c	1
00ab9870	FUN_00ab9870	1
00ab990c	FUN_00ab990c	1
00ab99ac	FUN_00ab99ac	1
00ab99d0	FUN_00ab99d0	1
00ab99f4	FUN_00ab99f4	1
00ab9a18	FUN_00ab9a18	1
00ab9a3c	FUN_00ab9a3c	1
00aba4bc	FUN_00aba4bc	1
00aba508	FUN_00aba508	1
00abaa24	FUN_00abaa24	1
00abaa50	FUN_00abaa50	1
00abab64	FUN_00abab64	1
00abac70	FUN_00abac70	1
00abae70	FUN_00abae70	1
00abb538	FUN_00abb538	1
00abb784	FUN_00abb784	1
00abba28	FUN_00abba28	1
00abba90	FUN_00abba90	1
00abc81c	FUN_00abc81c	1
00abcb20	FUN_00abcb20	1
00abce20	FUN_00abce20	1
00abe8f8	FUN_00abe8f8	1
00abec18	FUN_00abec18	1
00abf5dc	FUN_00abf5dc	1
00abf6ec	FUN_00abf6ec	1
00abf8e0	FUN_00abf8e0	1
00abfa18	FUN_00abfa18	1
00abfc88	FUN_00abfc88	1
00ac0bec	FUN_00ac0bec	1
00ac0ffc	FUN_00ac0ffc	1
00ac10b8	FUN_00ac10b8	1
00ac1178	FUN_00ac1178	1
00ac11a0	FUN_00ac11a0	1
00ac129c	FUN_00ac129c	1
00ac18f0	FUN_00ac18f0	1
00ac2150	FUN_00ac2150	1
00ac2274	FUN_00ac2274	1
00ac2d68	FUN_00ac2d68	1
00ac2f7c	FUN_00ac2f7c	1
00ac2ff0	FUN_00ac2ff0	1
00ac337c	FUN_00ac337c	1
00ac3b44	FUN_00ac3b44	1
00ac3e88	FUN_00ac3e88	1
00ac455c	FUN_00ac455c	1
00ac4e78	FUN_00ac4e78	1
00ac5018	FUN_00ac5018	1
00ac5b98	FUN_00ac5b98	1
00ac615c	FUN_00ac615c	1
00ac6290	FUN_00ac6290	1
00ac9f0c	FUN_00ac9f0c	1
00aca1a8	FUN_00aca1a8	1
00acb0d4	FUN_00acb0d4	1
00acb100	FUN_00acb100	1
00acb204	FUN_00acb204	1
00acb22c	FUN_00acb22c	1
00acb254	FUN_00acb254	1
00acb27c	FUN_00acb27c	1
00acb338	FUN_00acb338	1
00acbacc	FUN_00acbacc	1
00acc15c	FUN_00acc15c	1
00acc1bc	FUN_00acc1bc	1
00acc338	FUN_00acc338	1
00acc450	FUN_00acc450	1
00acc564	FUN_00acc564	1
00acc58c	FUN_00acc58c	1
00acc5b4	FUN_00acc5b4	1
00acc7c0	FUN_00acc7c0	1
00acc86c	FUN_00acc86c	1
00accaac	FUN_00accaac	1
00accacc	FUN_00accacc	1
00accba8	FUN_00accba8	1
00accc70	FUN_00accc70	1
00acce00	FUN_00acce00	1
00accf38	FUN_00accf38	1
00acd070	FUN_00acd070	1
00acd084	FUN_00acd084	1
00acd178	FUN_00acd178	1
00acd29c	FUN_00acd29c	1
00ad4c04	FUN_00ad4c04	1
00ad4e84	FUN_00ad4e84	1
00ad4f68	FUN_00ad4f68	1
00ad5080	FUN_00ad5080	1
00ad5104	FUN_00ad5104	1
00ad52b4	FUN_00ad52b4	1
00ad5658	FUN_00ad5658	1
00ad5708	FUN_00ad5708	1
00ad57c4	FUN_00ad57c4	1
00ad58a0	FUN_00ad58a0	1
00ad5b7c	FUN_00ad5b7c	1
00ad5c30	FUN_00ad5c30	1
00ad5cf0	FUN_00ad5cf0	1
00ad5dc8	FUN_00ad5dc8	1
00ad6550	FUN_00ad6550	1
00ad6820	FUN_00ad6820	1
00ad68e0	FUN_00ad68e0	1
00ad69ec	FUN_00ad69ec	1
00ad6a90	FUN_00ad6a90	1
00ad6ef4	FUN_00ad6ef4	1
00ad6fa4	FUN_00ad6fa4	1
00ad7078	FUN_00ad7078	1
00ad7108	FUN_00ad7108	1
00ad723c	FUN_00ad723c	1
00ad7370	FUN_00ad7370	1
00ad7444	FUN_00ad7444	1
00ad753c	FUN_00ad753c	1
00ad7628	FUN_00ad7628	1
00ad7960	FUN_00ad7960	1
00ad7a38	FUN_00ad7a38	1
00ad7bdc	FUN_00ad7bdc	1
00ad7cc4	FUN_00ad7cc4	1
00ad864c	FUN_00ad864c	1
00ad870c	FUN_00ad870c	1
00ad8900	FUN_00ad8900	1
00ad915c	FUN_00ad915c	1
00ad9600	FUN_00ad9600	1
00ad9d0c	FUN_00ad9d0c	1
00ad9d60	FUN_00ad9d60	1
00ad9f84	FUN_00ad9f84	1
00ad9fc8	FUN_00ad9fc8	1
00adb374	FUN_00adb374	1
00adb430	FUN_00adb430	1
00adbec4	FUN_00adbec4	1
00adcf18	VideoUnit.TVideoForm.CodecComboBoxChange	1
00adcfac	VideoUnit.TVideoForm.ExportButtonClick	1
00add588	FUN_00add588	1
00add794	FUN_00add794	1
00addddc	VideoUnit.TVideoForm.HelpLabelClick	1
00addf68	VideoUnit.TVideoForm.FrameInputAdapterReadFrameCanvas	1
00ade0e4	VideoUnit.TVideoForm.FFEncoderProgress	1
00ade138	VideoUnit.TVideoForm.FFEncoderTerminate	1
00ade2f8	VideoUnit.TVideoForm.FormCreate	1
00ade408	VideoUnit.TVideoForm.FormKeyDown	1
00ade41c	VideoUnit.TVideoForm.FormShow	1
00adea3c	VideoUnit.TVideoForm.Button2Click	1
00adea54	VideoUnit.TVideoForm.SpinBox1Enter	1
00adea58	FUN_00adea58	1
00adec34	FUN_00adec34	1
00aded0c	FUN_00aded0c	1
00ae0410	FUN_00ae0410	1
00ae12f8	SegmentInputUnit.TSegmentInputForm.OKButtonClick	1
00ae1368	SegmentInputUnit.TSegmentInputForm.MenuButtonClick	1
00ae1474	SegmentInputUnit.TSegmentInputForm.BoxChange	1
00ae157c	SegmentInputUnit.TSegmentInputForm.BoxMouseWheel	1
00ae15fc	SegmentInputUnit.TSegmentInputForm.AngleBoxMouseWheel	1
00ae16c4	SegmentInputUnit.TSegmentInputForm.BendBoxChange	1
00ae1798	SegmentInputUnit.TSegmentInputForm.LengthBoxChange	1
00ae180c	SegmentInputUnit.TSegmentInputForm.ThicknessBoxChange	1
00ae1880	SegmentInputUnit.TSegmentInputForm.OrderBoxChange	1
00ae1cb0	FUN_00ae1cb0	1
00ae1d30	SegmentInputUnit.TSegmentInputForm.FormFocusChanged	1
00ae1e0c	SegmentInputUnit.TSegmentInputForm.FormKeyDown	1
00ae1e24	SegmentInputUnit.TSegmentInputForm.FormKeyUp	1
00ae1e48	SegmentInputUnit.TSegmentInputForm.FormShow	1
00ae1e58	SegmentInputUnit.TSegmentInputForm.BoxKeyDown	1
00ae1f08	SegmentInputUnit.TSegmentInputForm.FormCreate	1
00ae2074	SegmentInputUnit.TSegmentInputForm.CopyMenuItemClick	1
00ae21a8	SegmentInputUnit.TSegmentInputForm.PasteMenuItemClick	1
00ae23d8	SegmentInputUnit.TSegmentInputForm.RelAngleMenuItemClick	1
00ae24d8	FUN_00ae24d8	1
00ae2ce0	FrameTweenUnit.TFrameInsertForm.FormCreate	1
00ae2e90	FrameTweenUnit.TFrameInsertForm.FormHide	1
00ae2ed4	FrameTweenUnit.TFrameInsertForm.FormResize	1
00ae2edc	FrameTweenUnit.TFrameInsertForm.FormShow	1
00ae2fb0	FrameTweenUnit.TFrameInsertForm.Image1Click	1
00ae3008	FUN_00ae3008	1
00ae3070	FUN_00ae3070	1
00ae30ac	FrameTweenUnit.TFrameInsertForm.RatioTrackBarTrack	1
00ae30b4	FrameTweenUnit.TFrameInsertForm.RatioTrackBarChange	1
00ae3138	FUN_00ae3138	1
00ae4a70	FUN_00ae4a70	1
00aea7e8	FUN_00aea7e8	1
00aedba4	FUN_00aedba4	1
00aedddc	FUN_00aedddc	1
00aede58	FUN_00aede58	1
00aedfe8	FUN_00aedfe8	1
00aee8c8	FUN_00aee8c8	1
00aee9e0	FUN_00aee9e0	1
00aeebe4	FUN_00aeebe4	1
00aeed38	FUN_00aeed38	1
00aeef30	FUN_00aeef30	1
00aef0c0	FUN_00aef0c0	1
00aef310	FUN_00aef310	1
00aef4e8	FUN_00aef4e8	1
00aef95c	FUN_00aef95c	1
00aefaf0	FUN_00aefaf0	1
00aefb68	FUN_00aefb68	1
00aefd3c	FUN_00aefd3c	1
00aeff50	FUN_00aeff50	1
00af0018	FUN_00af0018	1
00af0bf8	FUN_00af0bf8	1
00af0d10	FUN_00af0d10	1
00af0e58	FUN_00af0e58	1
00af0f28	FUN_00af0f28	1
00af113c	FUN_00af113c	1
00af11e0	FUN_00af11e0	1
00af1314	FUN_00af1314	1
00af220c	FUN_00af220c	1
00af3354	FUN_00af3354	1
00af3500	FUN_00af3500	1
00af3878	FUN_00af3878	1
00af393c	FUN_00af393c	1
00af3960	FUN_00af3960	1
00af3b44	FUN_00af3b44	1
00af3f08	FUN_00af3f08	1
00af4394	FUN_00af4394	1
00af44a4	FUN_00af44a4	1
00af4530	FUN_00af4530	1
00af4868	FUN_00af4868	1
00af4910	FUN_00af4910	1
00af49b8	FUN_00af49b8	1
00af4a68	FUN_00af4a68	1
00af4b94	FUN_00af4b94	1
00af4ca8	FUN_00af4ca8	1
00af4df0	FUN_00af4df0	1
00af5020	FUN_00af5020	1
00af52f4	FUN_00af52f4	1
00af538c	FUN_00af538c	1
00af55b8	FUN_00af55b8	1
00af57c8	FUN_00af57c8	1
00af5940	FUN_00af5940	1
00af5dcc	FUN_00af5dcc	1
00af5f70	FUN_00af5f70	1
00af60b0	FUN_00af60b0	1
00af6160	FUN_00af6160	1
00af65ac	FUN_00af65ac	1
00af66c8	FUN_00af66c8	1
00af67c8	FUN_00af67c8	1
00af68f4	FUN_00af68f4	1
00af729c	FUN_00af729c	1
00af735c	FUN_00af735c	1
00af7418	FUN_00af7418	1
00af74e8	FUN_00af74e8	1
00af75d8	FUN_00af75d8	1
00af76c4	FUN_00af76c4	1
00af775c	FUN_00af775c	1
00af78a8	FUN_00af78a8	1
00af79dc	FUN_00af79dc	1
00af7cd0	FUN_00af7cd0	1
00af7f6c	FUN_00af7f6c	1
00af80a8	FUN_00af80a8	1
00af821c	FUN_00af821c	1
00af82f8	FUN_00af82f8	1
00af8510	FUN_00af8510	1
00af864c	FUN_00af864c	1
00af87ac	FUN_00af87ac	1
00af8924	FUN_00af8924	1
00af89e4	FUN_00af89e4	1
00af8ce4	FUN_00af8ce4	1
00af91ec	FUN_00af91ec	1
00afaa28	FUN_00afaa28	1
00afab4c	FUN_00afab4c	1
00afac30	FUN_00afac30	1
00afaf7c	FUN_00afaf7c	1
00afb098	FUN_00afb098	1
00afb230	FUN_00afb230	1
00afb614	FUN_00afb614	1
00afb768	FUN_00afb768	1
00afb954	FUN_00afb954	1
00afbc34	FUN_00afbc34	1
00afc0a8	FUN_00afc0a8	1
00afc13c	FUN_00afc13c	1
00afc250	FUN_00afc250	1
00afc314	FUN_00afc314	1
00afc43c	FUN_00afc43c	1
00afc604	FUN_00afc604	1
00afc730	FUN_00afc730	1
00afc7dc	FUN_00afc7dc	1
00afca0c	FUN_00afca0c	1
00afcc38	FUN_00afcc38	1
00afd060	FUN_00afd060	1
00afd5a0	FUN_00afd5a0	1
00afd718	FUN_00afd718	1
00afd8c8	FUN_00afd8c8	1
00afdce0	FUN_00afdce0	1
00afdf5c	FUN_00afdf5c	1
00afe6dc	FUN_00afe6dc	1
00afe878	FUN_00afe878	1
00aff014	FUN_00aff014	1
00aff214	FUN_00aff214	1
00aff7f8	FUN_00aff7f8	1
00affdec	FUN_00affdec	1
00affff8	FUN_00affff8	1
00b00134	FUN_00b00134	1
00b003f0	FUN_00b003f0	1
00b005cc	FUN_00b005cc	1
00b00794	FUN_00b00794	1
00b00984	FUN_00b00984	1
00b00ab0	FUN_00b00ab0	1
00b00f1c	FUN_00b00f1c	1
00b00f6c	FUN_00b00f6c	1
00b00fb0	FUN_00b00fb0	1
00b01000	FUN_00b01000	1
00b014dc	FUN_00b014dc	1
00b022c0	ToolbarUnit.TToolbarFrame.FrameResize	1
00b022c8	ToolbarUnit.TToolbarFrame.HideAnimationFinish	1
00b02324	ToolbarUnit.TToolbarFrame.ShowAnimationFinish	1
00b02334	ToolbarUnit.TToolbarFrame.ShowAnimationProcess	1
00b024ac	ToolbarUnit.TToolbarFrame.ShowToolbarButtonClick	1
00b0251c	ToolbarUnit.TToolbarFrame.AlignLButtonClick	1
00b02564	ToolbarUnit.TToolbarFrame.AlignRButtonClick	1
00b0270c	ToolbarUnit.TToolbarFrame.ButtonClick	1
00b06674	FigureBuilderUnit.TFigureBuilderForm.FormActivate	1
00b06684	FigureBuilderUnit.TFigureBuilderForm.FormCreate	1
00b06f6c	FUN_00b06f6c	1
00b07084	FigureBuilderUnit.TFigureBuilderForm.Initialize	1
00b073a8	FigureBuilderUnit.TFigureBuilderForm.EraseFigure	1
00b07598	FigureBuilderUnit.TFigureBuilderForm.DrawFigure	1
00b07a58	FigureBuilderUnit.TFigureBuilderForm.DrawHandles	1
00b07cb0	FigureBuilderUnit.TFigureBuilderForm.EraseDraw	1
00b07cf8	FigureBuilderUnit.TFigureBuilderForm.Image1MouseDown	1
00b084c8	FigureBuilderUnit.TFigureBuilderForm.Image1MouseUp	1
00b086ac	FigureBuilderUnit.TFigureBuilderForm.Image1MouseMove	1
00b0875c	FigureBuilderUnit.TFigureBuilderForm.DragTimerTimer	1
00b08d64	FigureBuilderUnit.TFigureBuilderForm.EnableSelectedSegmentButtons	1
00b08f60	FigureBuilderUnit.TFigureBuilderForm.ChangeKindButtonClick	1
00b09120	FigureBuilderUnit.TFigureBuilderForm.DuplicateButtonClick	1
00b09150	FigureBuilderUnit.TFigureBuilderForm.Duplicateflip1Click	1
00b09158	FUN_00b09158	1
00b0943c	FigureBuilderUnit.TFigureBuilderForm.SplitButtonClick	1
00b09578	FigureBuilderUnit.TFigureBuilderForm.DeleteButtonClick	1
00b09918	FigureBuilderUnit.TFigureBuilderForm.ChangeStaticButtonClick	1
00b09a0c	FigureBuilderUnit.TFigureBuilderForm.NominateButtonClick	1
00b09b70	FigureBuilderUnit.TFigureBuilderForm.CircleKindButtonClick	1
00b09c78	FigureBuilderUnit.TFigureBuilderForm.ChangeCapButtonClick	1
00b09d88	FigureBuilderUnit.TFigureBuilderForm.EditMode1Click	1
00b09e50	FigureBuilderUnit.TFigureBuilderForm.FormResize	1
00b0a080	FigureBuilderUnit.TFigureBuilderForm.Exit1Click	1
00b0a0f4	FigureBuilderUnit.TFigureBuilderForm.XButtonClick	1
00b0a0fc	FigureBuilderUnit.TFigureBuilderForm.SaveAs1Click	1
00b0a3a8	FigureBuilderUnit.TFigureBuilderForm.SaveFigureTypeAs	1
00b0a484	FigureBuilderUnit.TFigureBuilderForm.StoreFigTypeAttributes	1
00b0a5f0	FigureBuilderUnit.TFigureBuilderForm.Open1Click	1
00b0a820	FigureBuilderUnit.TFigureBuilderForm.OpenFigure	1
00b0aa94	FUN_00b0aa94	1
00b0aae4	FigureBuilderUnit.TFigureBuilderForm.Save1Click	1
00b0ab94	FigureBuilderUnit.TFigureBuilderForm.New1Click	1
00b0ac88	FigureBuilderUnit.TFigureBuilderForm.UpDownButtonMouseDown	1
00b0ad30	FigureBuilderUnit.TFigureBuilderForm.UpDownButtonMouseUp	1
00b0ad48	FigureBuilderUnit.TFigureBuilderForm.UpDownTimerTimer	1
00b0ad68	FigureBuilderUnit.TFigureBuilderForm.ChangeThickness	1
00b0aeb4	FigureBuilderUnit.TFigureBuilderForm.ColorButtonClick	1
00b0aed8	FigureBuilderUnit.TFigureBuilderForm.Gradient1Click	1
00b0b000	FUN_00b0b000	1
00b0b254	FigureBuilderUnit.TFigureBuilderForm.OrderButtonClick	1
00b0b260	FigureBuilderUnit.TFigureBuilderForm.ChangeSegOrder	1
00b0b398	FigureBuilderUnit.TFigureBuilderForm.DisplaySegmentData	1
00b0ba9c	FigureBuilderUnit.TFigureBuilderForm.AddToAnimation1Click	1
00b0bc44	FigureBuilderUnit.TFigureBuilderForm.AddFigureType	1
00b0be5c	FigureBuilderUnit.TFigureBuilderForm.SetSelectedObject	1
00b0c088	FigureBuilderUnit.TFigureBuilderForm.DrawGeneralSegment	1
00b0c1f4	FigureBuilderUnit.TFigureBuilderForm.LineButtonClick	1
00b0c1fc	FigureBuilderUnit.TFigureBuilderForm.CircleButtonClick	1
00b0c204	FUN_00b0c204	1
00b0c5f0	FigureBuilderUnit.TFigureBuilderForm.FormHide	1
00b0c70c	FigureBuilderUnit.TFigureBuilderForm.FormDeactivate	1
00b0c710	FigureBuilderUnit.TFigureBuilderForm.FormKeyDown	1
00b0d110	FigureBuilderUnit.TFigureBuilderForm.ShowStaticMenuItemClick	1
00b0d14c	FigureBuilderUnit.TFigureBuilderForm.HighlightBranch	1
00b0d208	FigureBuilderUnit.TFigureBuilderForm.HighlightMenuItemClick	1
00b0d250	FigureBuilderUnit.TFigureBuilderForm.HighlightTimerTimer	1
00b0d258	FigureBuilderUnit.TFigureBuilderForm.FormKeyUp	1
00b0d380	FigureBuilderUnit.TFigureBuilderForm.FormMouseWheel	1
00b0d440	FigureBuilderUnit.TFigureBuilderForm.FormShow	1
00b0d5b0	FigureBuilderUnit.TFigureBuilderForm.InitUndo	1
00b0d748	FigureBuilderUnit.TFigureBuilderForm.MoveUndos	1
00b0d788	FigureBuilderUnit.TFigureBuilderForm.AssignUndo	1
00b0db1c	FigureBuilderUnit.TFigureBuilderForm.Undo1Click	1
00b0dec4	FigureBuilderUnit.TFigureBuilderForm.Redo1Click	1
00b0e1c8	FigureBuilderUnit.TFigureBuilderForm.Transparent1Click	1
00b0e35c	FigureBuilderUnit.TFigureBuilderForm.MatchZoomMenuItemClick	1
00b0e380	FigureBuilderUnit.TFigureBuilderForm.DoubleClickTimerTimer	1
00b0e394	FigureBuilderUnit.TFigureBuilderForm.MenuBarMouseDown	1
00b0e3f0	FigureBuilderUnit.TFigureBuilderForm.MenuBarMouseUp	1
00b0e460	FigureBuilderUnit.TFigureBuilderForm.MenuBarMouseMove	1
00b0e4c8	FigureBuilderUnit.TFigureBuilderForm.Outlinethicknessup1Click	1
00b0e51c	FigureBuilderUnit.TFigureBuilderForm.Outlinethicknessdown1Click	1
00b0e590	FigureBuilderUnit.TFigureBuilderForm.OutlineColour1Click	1
00b0e644	FigureBuilderUnit.TFigureBuilderForm.EnableOutlineControls	1
00b0e6c0	FigureBuilderUnit.TFigureBuilderForm.EditFigureType1Click	1
00b0ea5c	FUN_00b0ea5c	1
00b0f12c	FigureBuilderUnit.TFigureBuilderForm.LoadSpriteImage1Click	1
00b0f3b0	FUN_00b0f3b0	1
00b0f450	FigureBuilderUnit.TFigureBuilderForm.btnFlipClick	1
00b0f5a0	FigureBuilderUnit.TFigureBuilderForm.btnPolyClick	1
00b0f6a8	FUN_00b0f6a8	1
00b0f914	FUN_00b0f914	1
00b0fa34	FUN_00b0fa34	1
00b0fb78	FigureBuilderUnit.TFigureBuilderForm.ZInMenuItemClick	1
00b0fbcc	FigureBuilderUnit.TFigureBuilderForm.ZOutMenuItemClick	1
00b0fc20	FigureBuilderUnit.TFigureBuilderForm.Z100MenuItemClick	1
00b0fc54	FigureBuilderUnit.TFigureBuilderForm.Z200MenuItemClick	1
00b0fc90	FigureBuilderUnit.TFigureBuilderForm.Z50MenuItemClick	1
00b0fd10	FigureBuilderUnit.TFigureBuilderForm.ZSelMenuItemClick	1
00b0ff50	FigureBuilderUnit.TFigureBuilderForm.ZFigMenuItemClick	1
00b0ff84	FigureBuilderUnit.TFigureBuilderForm.Help1Click	1
00b10018	FigureBuilderUnit.TFigureBuilderForm.SegmentInputMenuItemClick	1
00b10464	FigureBuilderUnit.TFigureBuilderForm.UpdateTheme	1
00b108f0	FigureBuilderUnit.TFigureBuilderForm.BackColorMenuItemClick	1
00b10a10	FigureBuilderUnit.TFigureBuilderForm.PreviewMenuItemClick	1
00b10b08	FUN_00b10b08	1
00b10c14	FUN_00b10c14	1
00b11064	FUN_00b11064	1
00b11660	FUN_00b11660	1
00b11888	FUN_00b11888	1
00b11c04	FUN_00b11c04	1
00b11e14	FUN_00b11e14	1
00b11ff4	FUN_00b11ff4	1
00b123ec	FUN_00b123ec	1
00b125c8	FUN_00b125c8	1
00b13090	FUN_00b13090	1
00b135e4	LangUnit.TLangForm.BitBtn1Click	1
00b136ec	LangUnit.TLangForm.FormActivate	1
00b13794	LangUnit.TLangForm.FormClose	1
00b138ec	FUN_00b138ec	1
00b13b90	FUN_00b13b90	1
00b13ca8	FUN_00b13ca8	1
00b13d3c	FUN_00b13d3c	1
00b1405c	FUN_00b1405c	1
00b14204	FUN_00b14204	1
00b1b018	MainUnit.TMainForm.FormCreate	1
00b1bcdc	MainUnit.TMainForm.FormDeactivate	1
00b1bce0	MainUnit.TMainForm.FormActivate	1
00b1c7c8	MainUnit.TMainForm.NewProject	1
00b1ca6c	MainUnit.TMainForm.DestroyProject	1
00b1ccbc	MainUnit.TMainForm.SaveProjectAsPiv	1
00b1ce30	MainUnit.TMainForm.SetCursor	1
00b1ce84	MainUnit.TMainForm.CreateStickmanType	1
00b1d0e4	MainUnit.TMainForm.DrawGhost	1
00b1d1e8	MainUnit.TMainForm.DrawGhostEdit	1
00b1d36c	MainUnit.TMainForm.DrawGhostBackground	1
00b1d588	MainUnit.TMainForm.DrawAnimBorderLines	1
00b1d8f8	MainUnit.TMainForm.FormResize	1
00b1da34	MainUnit.TMainForm.SetEditingArea	1
00b1db34	MainUnit.TMainForm.FormMouseWheel	1
00b1dd4c	MainUnit.TMainForm.FormKeyDown	1
00b1ecd8	MainUnit.TMainForm.FormKeyUp	1
00b1ee3c	MainUnit.TMainForm.EditImageMouseEnter	1
00b1ee44	MainUnit.TMainForm.EditImageMouseLeave	1
00b1ee4c	MainUnit.TMainForm.EditPaintBoxClick	1
00b1f16c	MainUnit.TMainForm.SetEditFrame	1
00b1f3d4	MainUnit.TMainForm.FindOnions	1
00b1f848	MainUnit.TMainForm.DrawFigures	1
00b1fd3c	MainUnit.TMainForm.ReDrawFigure	1
00b202b8	MainUnit.TMainForm.RecursiveReDraw	1
00b20490	MainUnit.TMainForm.EditingScrollBoxClick	1
00b204a4	MainUnit.TMainForm.EditPaintBoxMouseDown	1
00b20920	MainUnit.TMainForm.EditPaintBoxMouseUp	1
00b20de8	MainUnit.TMainForm.DoubleClickTimerTimer	1
00b20dfc	MainUnit.TMainForm.EndDrag	1
00b21134	MainUnit.TMainForm.EditPaintBoxMouseMove	1
00b211f8	MainUnit.TMainForm.DragTimerTimer	1
00b21554	MainUnit.TMainForm.SelectBoxTimerTimer	1
00b218c4	MainUnit.TMainForm.AddFigureButtonClick	1
00b219c0	MainUnit.TMainForm.BackgroundButtonClick	1
00b21a94	MainUnit.TMainForm.SetBackground	1
00b21dc0	MainUnit.TMainForm.AddFigure	1
00b22034	MainUnit.TMainForm.NextFrameButtonClick	1
00b2228c	MainUnit.TMainForm.StoreEditedFrame	1
00b22734	MainUnit.TMainForm.TweenSpinEditChange	1
00b2278c	MainUnit.TMainForm.SetFrameTween	1
00b22940	MainUnit.TMainForm.SetNumFrames	1
00b229fc	MainUnit.TMainForm.DeleteFigureButtonClick	1
00b23040	MainUnit.TMainForm.EditTypeButtonClick	1
00b23488	MainUnit.TMainForm.ScaleEditChange	1
00b235cc	MainUnit.TMainForm.ScaleEditMouseWheel	1
00b23640	MainUnit.TMainForm.ScaleEditKeyDown	1
00b23960	MainUnit.TMainForm.CenterButtonClick	1
00b23b34	MainUnit.TMainForm.FlipButtonClick	1
00b23ca4	MainUnit.TMainForm.ColorButtonClick	1
00b23f1c	MainUnit.TMainForm.OrderButtonClick	1
00b23f28	MainUnit.TMainForm.ChangeFigOrder	1
00b240cc	MainUnit.TMainForm.DuplicateFigures1Click	1
00b241e8	MainUnit.TMainForm.ResetPoseMenuItemClick	1
00b24248	MainUnit.TMainForm.JoinButtonClick	1
00b245a0	MainUnit.TMainForm.CopyFigureButtonClick	1
00b245fc	MainUnit.TMainForm.PasteFigureButtonClick	1
00b24764	MainUnit.TMainForm.TransScrollBarTracking	1
00b248b8	MainUnit.TMainForm.TransScrollBarChange	1
00b24a38	MainUnit.TMainForm.SetScaleEditFromScale	1
00b24b18	MainUnit.TMainForm.SetFigureControls	1
00b24fc0	MainUnit.TMainForm.SetFrameStatus	1
00b25468	MainUnit.TMainForm.SetFigureStatus	1
00b257b8	MainUnit.TMainForm.SetSegmentStatus	1
00b25b40	MainUnit.TMainForm.SetFrameNumber	1
00b25cec	MainUnit.TMainForm.IntToStr2	1
00b25d24	MainUnit.TMainForm.IntToStr3	1
00b25d6c	MainUnit.TMainForm.EnableFigureControls	1
00b26300	MainUnit.TMainForm.CheckUnstoredFrame	1
00b263ac	MainUnit.TMainForm.SelectFrame	1
00b26720	MainUnit.TMainForm.FindSelectedFrameInList	1
00b26760	MainUnit.TMainForm.ToggleSelectedFrame	1
00b26898	MainUnit.TMainForm.Delete1Click	1
00b26b30	MainUnit.TMainForm.DeleteSelFrameButtonClick	1
00b26d60	MainUnit.TMainForm.SaveSelected1Click	1
00b26f64	MainUnit.TMainForm.CopySelFrameButtonClick	1
00b26f74	MainUnit.TMainForm.Insert1Click	1
00b26ff8	MainUnit.TMainForm.InsertTweenMenuItemClick	1
00b27550	MainUnit.TMainForm.MultiSelect1Click	1
00b275b0	MainUnit.TMainForm.PopupMenu1Popup	1
00b27618	MainUnit.TMainForm.DrawFrameNumber	1
00b2773c	MainUnit.TMainForm.IsFrameSelected	1
00b2774c	MainUnit.TMainForm.GetFrameTween	1
00b2775c	MainUnit.TMainForm.New1Click	1
00b27824	MainUnit.TMainForm.OpenAnimation1Click	1
00b27b54	MainUnit.TMainForm.LoadProject	1
00b27f90	MainUnit.TMainForm.Export1Click	1
00b285e4	MainUnit.TMainForm.EnableControlsExport	1
00b287a0	MainUnit.TMainForm.ExportTestItemClick	1
00b28818	MainUnit.TMainForm.SaveAs1Click	1
00b28ae0	MainUnit.TMainForm.Save1Click	1
00b28c14	MainUnit.TMainForm.RemoveExtention	1
00b28cf0	MainUnit.TMainForm.LoadBackground1Click	1
00b291c8	MainUnit.TMainForm.BackgroundColor1Click	1
00b29518	MainUnit.TMainForm.SetAnimationDimensions	1
00b2966c	MainUnit.TMainForm.LoadFigure1Click	1
00b29c78	MainUnit.TMainForm.CreateFigureType1Click	1
00b29d48	MainUnit.TMainForm.TextMenuItemClick	1
00b29d6c	MainUnit.TMainForm.LoadSprite1Click	1
00b2a3dc	MainUnit.TMainForm.Exit1Click	1
00b2a3e4	MainUnit.TMainForm.Options1Click	1
00b2a420	MainUnit.TMainForm.SelectAll1Click	1
00b2a498	MainUnit.TMainForm.PivotHelp1Click	1
00b2a518	MainUnit.TMainForm.ViewReadMeFile1Click	1
00b2a658	MainUnit.TMainForm.About1Click	1
00b2a670	MainUnit.TMainForm.DownloadFigMenuItemClick	1
00b2a6d8	MainUnit.TMainForm.FormClose	1
00b2a7e8	MainUnit.TMainForm.PlayButtonClick	1
00b2a9a8	MainUnit.TMainForm.PlayTimerTimer	1
00b2ad68	MainUnit.TMainForm.StopButtonClick	1
00b2aef4	MainUnit.TMainForm.RepeatCheckBoxChange	1
00b2af0c	MainUnit.TMainForm.RateScrollBarChange	1
00b2b168	MainUnit.TMainForm.EnableControlsPlaying	1
00b2b300	MainUnit.TMainForm.InitUndo	1
00b2b45c	MainUnit.TMainForm.AssignUndo	1
00b2b6a8	MainUnit.TMainForm.Undo1Click	1
00b2b950	MainUnit.TMainForm.Redo1Click	1
00b2bbf8	MainUnit.TMainForm.SVG1Click	1
00b2bce8	MainUnit.TMainForm.SVGnohandles1Click	1
00b2bdd8	MainUnit.TMainForm.SaveV4MenuItemClick	1
00b2bdf4	MainUnit.TMainForm.NextFrameButtonMouseDown	1
00b2bec4	MainUnit.TMainForm.PasteFrameButtonClick	1
00b2bf00	MainUnit.TMainForm.InsertPaste1Click	1
00b2bf28	MainUnit.TMainForm.SaveSVG	1
00b2cd84	MainUnit.TMainForm.Deletefiguresoutsidearea1Click	1
00b2cfb0	MainUnit.TMainForm.Deleteunusedfiguretypes1Click	1
00b2d334	MainUnit.TMainForm.BatchLoadSave1Click	1
00b2d4f8	MainUnit.TMainForm.BatchLoadSaveStkClick	1
00b2d5d8	MainUnit.TMainForm.RenameFigsMenuItemClick	1
00b2d75c	MainUnit.TMainForm.ShiftFrames	1
00b2d8e0	MainUnit.TMainForm.TweenToTimelineClick	1
00b2dce0	MainUnit.TMainForm.SetNumTempFrames	1
00b2dd7c	MainUnit.TMainForm.EditJoinedFigures1Click	1
00b2ddec	MainUnit.TMainForm.ZoomChange	1
00b2deac	MainUnit.TMainForm.ZInMenuItemClick	1
00b2df08	MainUnit.TMainForm.ZOutMenuItemClick	1
00b2df64	MainUnit.TMainForm.Z100MenuItemClick	1
00b2dfa0	MainUnit.TMainForm.Z200MenuItemClick	1
00b2dfe4	MainUnit.TMainForm.Z50MenuItemClick	1
00b2e028	MainUnit.TMainForm.ZSelMenuItemClick	1
00b2e07c	MainUnit.TMainForm.ZAnimMenuItemClick	1
00b2e0dc	MainUnit.TMainForm.ZCamMenuItemClick	1
00b2e128	MainUnit.TMainForm.PlayZoomMenuItemClick	1
00b2e154	MainUnit.TMainForm.ShowHandles1Click	1
00b2e190	MainUnit.TMainForm.ShowCamMenuItemClick	1
00b2e1dc	MainUnit.TMainForm.ResetCamMenuItemClick	1
00b2e2c4	MainUnit.TMainForm.CopyCamMenuItemClick	1
00b2e3b0	MainUnit.TMainForm.PasteCamMenuItemClick	1
00b2e62c	MainUnit.TMainForm.AlignCamMenuItemClick	1
00b2e848	MainUnit.TMainForm.ApplyCamMenuItemClick	1
00b2e904	MainUnit.TMainForm.CenterCamFigsMenuItemClick	1
00b2ec04	MainUnit.TMainForm.AlignCanvases	1
00b2ee5c	MainUnit.TMainForm.RestoreCanvasZoom	1
00b2f1b0	MainUnit.TMainForm.RecentMenuItemClick	1
00b2f33c	MainUnit.TMainForm.SegmentInputMenuItemClick	1
00b2feb0	MainUnit.TMainForm.DragDropTimerTimer	1
00b2fef8	MainUnit.TMainForm.ImportSVGMenuItemClick	1
00b30198	MainUnit.TMainForm.UpdateTheme	1
00b30a18	MainUnit.TMainForm.EditModeMenuItemClick	1
